1,Adelanto
2,Agoura Hills
3,Alameda
4,Alamo
5,Albany
6,Alhambra
7,Aliso Viejo
8,Alondra Park
9,Alpine
10,Alta Sierra
11,Altadena
12,Alum Rock
13,American Canyon
14,Anaheim
15,Anderson
16,Antioch
17,Apple Valley
18,Aptos
19,Arcadia
20,Arcata
21,Arden-Arcade
22,Arroyo Grande
23,Artesia
24,Arvin
25,Ashland
26,Atascadero
27,Atherton
28,Atwater
29,Auburn
30,August
31,Avenal
32,Avocado Heights
33,Azusa
34,Bakersfield
35,Baldwin Park
36,Banning
37,Barstow
38,Bay Point
39,Baywood-Los Osos
40,Beaumont
41,Bell
42,Bell Gardens
43,Bellflower
44,Belmont
45,Benicia
46,Berkeley
47,Bermuda Dunes
48,Beverly Hills
49,Blackhawk-Camino Tassajara
50,Bloomington
51,Blythe
52,Bonadelle Ranchos-Madera
53,Bonita
54,Bostonia
55,Boyes Hot Springs
56,Brawley
57,Brea
58,Brentwood
59,Buena Park
60,Burbank
61,Burlingame
62,Calabasas
63,Calexico
64,California City
65,Calimesa
66,Calipatria
67,Camarillo
68,Cambria
69,Cameron Park
70,Camp Pendleton North
71,Camp Pendleton South
72,Campbell
73,Canyon Lake
74,Capitola
75,Carlsbad
76,Carmichael
77,Carpinteria
78,Carson
79,Casa de Oro-Mount Helix
80,Castro Valley
81,Castroville
82,Cathedral City
83,Ceres
84,Cerritos
85,Charter Oak
86,Cherryland
87,Chico
88,Chino
89,Chino Hills
90,Chowchilla
91,Chula Vista
92,Citrus
93,Citrus Heights
94,Claremont
95,Clayton
96,Clearlake
97,Cloverdale
98,Clovis
99,Coachella
100,Coalinga
101,Colton
102,Commerce
103,Compton
104,Concord
105,Corcoran
106,Corning
107,Corona
108,Coronado
109,Corte Madera
110,Costa Mesa
111,Cotati
112,Coto de Caza
113,Country Club
114,Covina
115,Crestline
116,Cudahy
117,Culver City
118,Cupertino
119,Cypress
120,Daly City
121,Dana Point
122,Danville
123,Davis
124,Del Aire
125,Delano
126,Delhi
127,Desert Hot Springs
128,Diamond Bar
129,Dinuba
130,Discovery Bay
131,Dixon
132,Downey
133,Duarte
134,Dublin
135,Earlimart
136,East Compton
137,East Foothills
138,East Hemet
139,East La Mirada
140,East Los Angeles
141,East Palo Alto
142,East Pasadena
143,East Porterville
144,East San Gabriel
145,El Cajon
146,El Centro
147,El Cerrito
148,El Dorado Hills
149,El Monte
150,El Paso de Robles
151,El Rio
152,El Segundo
153,El Sobrante
154,Elk Grove
155,Emeryville
156,Encinitas
157,Escondido
158,Eureka
159,Exeter
160,Fair Oaks
161,Fairfax
162,Fairfield
163,Fairview
164,Fallbrook
165,Farmersville
166,Fillmore
167,Florence-Graham
168,Florin
169,Folsom
170,Fontana
171,Foothill Farms
172,Foothill Ranch
173,Fort Bragg
174,Fortuna
175,Foster City
176,Fountain Valley
177,Fremont
178,Fresno
179,Fullerton
180,Galt
181,Garden Acres
182,Garden Grove
183,Gardena
184,Gilroy
185,Glen Avon
186,Glendale
187,Glendora
188,Gold River
189,Golden Hills
190,Goleta
191,Gonzales
192,Grand Terrace
193,Granite Bay
194,Grass Valley
195,Greenfield
196,Grover Beach
197,Hacienda Heights
198,Half Moon Bay
199,Hanford
200,Hawaiian Gardens
201,Hawthorne
202,Hayward
203,Healdsburg
204,Hemet
205,Hercules
206,Hermosa Beach
207,Hesperia
208,Highland
209,Hillsborough
210,Hollister
211,Home Gardens
212,Huntington Beach
213,Huntington Park
214,Huron
215,Imperial
216,Imperial Beach
217,Indio
218,Inglewood
219,Interlaken
220,Ione
221,Irvine
222,Isla Vista
223,Kentfield
224,Kerman
225,King City
226,Kingsburg
227,La Canada Flintridge
228,La Crescenta-Montrose
229,La Habra
230,La Mesa
231,La Mirada
232,La Palma
233,La Presa
234,La Puente
235,La Quinta
236,La Riviera
237,La Verne
238,Ladera Heights
239,Lafayette
240,Laguna
241,Laguna Beach
242,Laguna Hills
243,Laguna Niguel
244,Laguna West-Lakeside
245,Laguna Woods
246,Lake Arrowhead
247,Lake Elsinore
248,Lake Forest
249,Lake Los Angeles
250,Lakeside
251,Lakewood
252,Lamont
253,Lancaster
254,Larkfield-Wikiup
255,Larkspur
256,Lathrop
257,Lawndale
258,Lemon Grove
259,Lemoore
260,Lennox
261,Lincoln
262,Linda
263,Lindsay
264,Live Oak
265,Livermore
266,Livingston
267,Lodi
268,Loma Linda
269,Lomita
270,Lompoc
271,Long Beach
272,Loomis
273,Los Alamitos
274,Los Altos
275,Los Altos Hills
276,Los Angeles
277,Los Banos
278,Los Gatos
279,Lucas Valley-Marinwood
280,Lynwood
281,Madera
282,Madera Acres
283,Magalia
284,Malibu
285,Mammoth Lakes
286,Manhattan Beach
287,Manteca
288,Marina
289,Marina del Rey
290,Martinez
291,Marysville
292,Maywood
293,McFarland
294,McKinleyville
295,Mendota
296,Menlo Park
297,Mentone
298,Merced
299,Mill Valley
300,Millbrae
301,Milpitas
302,Mira Loma
303,Mira Monte
304,Mission Viejo
305,Modesto
306,Monrovia
307,Montclair
308,Montebello
309,Montecito
310,Monterey
311,Monterey Park
312,Moorpark
313,Moraga
314,Moreno Valley
315,Morgan Hill
316,Morro Bay
317,Mountain View
318,Murrieta
319,Muscoy
320,Napa
321,National City
322,Newark
323,Newman
324,Newport Beach
325,Nipomo
326,Norco
327,North Auburn
328,North Fair Oaks
329,North Highlands
330,Norwalk
331,Novato
332,Oakdale
333,Oakland
334,Oakley
335,Oceano
336,Oceanside
337,Oildale
338,Ojai
339,Olivehurst
340,Ontario
341,Opal Cliffs
342,Orange
343,Orange Cove
344,Orangevale
345,Orcutt
346,Orinda
347,Orland
348,Orosi
349,Oroville
350,Oroville East
351,Oxnard
352,Pacific Grove
353,Pacifica
354,Palm Desert
355,Palm Springs
356,Palmdale
357,Palo Alto
358,Palos Verdes Estates
359,Paradise
360,Paramount
361,Parkway-South Sacramento
362,Parlier
363,Pasadena
364,Patterson
365,Pedley
366,Perris
367,Petaluma
368,Pico Rivera
369,Piedmont
370,Pinole
371,Pismo Beach
372,Pittsburg
373,Placentia
374,Placerville
375,Pleasant Hill
376,Pleasanton
377,Pomona
378,Port Hueneme
379,Porterville
380,Portola Hills
381,Poway
382,Prunedale
383,Quartz Hill
384,Ramona
385,Rancho Cordova
386,Rancho Cucamonga
387,Rancho Mirage
388,Rancho Palos Verdes
389,Rancho San Diego
390,Rancho Santa Margarita
391,Red Bluff
392,Redding
393,Redlands
394,Redondo Beach
395,Redwood City
396,Reedley
397,Rialto
398,Richmond
399,Ridgecrest
400,Rio del Mar
401,Rio Linda
402,Ripon
403,Riverbank
404,Riverside
405,Rocklin
406,Rodeo
407,Rohnert Park
408,Rolling Hills Estates
409,Rosamond
410,Rosedale
411,Roseland
412,Rosemead
413,Rosemont
414,Roseville
415,Rossmoor
416,Rowland Heights
417,Rubidoux
418,Sacramento
419,Salida
420,Salinas
421,San Anselmo
422,San Bernardino
423,San Bruno
424,San Buenaventura
425,San Carlos
426,San Clemente
427,San Diego
428,San Diego Country Estates
429,San Dimas
430,San Fernando
431,San Francisco
432,San Gabriel
433,San Jacinto
434,San Jose
435,San Juan Capistrano
436,San Leandro
437,San Lorenzo
438,San Luis Obispo
439,San Marcos
440,San Marino
441,San Mateo
442,San Pablo
443,San Rafael
444,San Ramon
445,Sanger
446,Santa Ana
447,Santa Barbara
448,Santa Clara
449,Santa Clarita
450,Santa Cruz
451,Santa Fe Springs
452,Santa Maria
453,Santa Monica
454,Santa Paula
455,Santa Rosa
456,Santee
457,Saratoga
458,Sausalito
459,Scotts Valley
460,Seal Beach
461,Seaside
462,Sebastopol
463,Selma
464,Shafter
465,Shasta Lake
466,Sierra Madre
467,Signal Hill
468,Simi Valley
469,Solana Beach
470,Soledad
471,Sonoma
472,South El Monte
473,South Gate
474,South Lake Tahoe
475,South Oroville
476,South Pasadena
477,South San Francisco
478,South San Gabriel
479,South San Jose Hills
480,South Whittier
481,South Yuba City
482,Spring Valley
483,Stanford
484,Stanton
485,Stockton
486,Suisun City
487,Sun City
488,Sunnyvale
489,Susanville
490,Taft
491,Tamalpais-Homestead Valley
492,Tehachapi
493,Temecula
494,Temple City
495,Thermalito
496,Thousand Oaks
497,Tiburon
498,Torrance
499,Tracy
500,Truckee
501,Tulare
502,Turlock
503,Tustin
504,Tustin Foothills
505,Twentynine Palms
506,Twentynine Palms Base
507,Ukiah
508,Union City
509,Upland
510,Vacaville
511,Valinda
512,Valle Vista
513,Vallejo
514,Valley Center
515,Vandenberg AFB
516,Victorville
517,View Park-Windsor Hills
518,Vincent
519,Vineyard
520,Visalia
521,Vista
522,Walnut
523,Walnut Creek
524,Walnut Park
525,Wasco
526,Waterford
527,Watsonville
528,West Athens
529,West Carson
530,West Covina
531,West Hollywood
532,West Modesto
533,West Puente Valley
534,West Sacramento
535,West Whittier-Los Nietos
536,Westlake Village
537,Westminster
538,Westmont
539,Whittier
540,Wildomar
541,Willowbrook
542,Willows
543,Windsor
544,Winter Gardens
545,Winters
546,Winton
547,Woodcrest
548,Woodlake
549,Woodland
550,Yorba Linda
551,Yreka
552,Yuba City
553,Yucaipa
554,Yucca Valley
555,Airmont
556,Albany
557,Albion
558,Alden
559,Allegany
560,Altamont
561,Amherst
562,Amityville
563,Amsterdam
564,Arcadia
565,Arlington
566,Attica
567,Auburn
568,Aurora
569,Avon
570,Babylon
571,Baldwin
572,Baldwin Harbor
573,Baldwinsville
574,Ballston
575,Barton
576,Batavia
577,Bath
578,Bay Shore
579,Bayport
580,Bayville
581,Baywood
582,Beacon
583,Bedford
584,Beekman
585,Bellmore
586,Bethlehem
587,Bethpage
588,Big Flats
589,Binghamton
590,Blooming Grove
591,Bohemia
592,Boston
593,Brentwood
594,Briarcliff Manor
595,Brighton
596,Brockport
597,Bronxville
598,Brookhaven
599,Brunswick
600,Buffalo
601,Busti
602,Cairo
603,Camillus
604,Canandaigua
605,Canton
606,Carmel
607,Catskill
608,Cazenovia
609,Cedarhurst
610,Center Moriches
611,Centereach
612,Central Islip
613,Chappaqua
614,Cheektowaga
615,Chenango
616,Chester
617,Chestnut Ridge
618,Chili
619,Cicero
620,Clarence
621,Clarkson
622,Clarkstown
623,Claverack
624,Clay
625,Clifton Park
626,Cobleskill
627,Coeymans
628,Cohoes
629,Collins
630,Colonie
631,Commack
632,Concord
633,Congers
634,Copiague
635,Coram
636,Corning
637,Cornwall
638,Cortland
639,Cortlandt
640,Cortlandville
641,Coxsackie
642,Crawford
643,Croton-on-Hudson
644,De Witt
645,Deer Park
646,Deerpark
647,Delmar
648,Depew
649,Dix Hills
650,Dobbs Ferry
651,Dover
652,Dryden
653,Dunkirk
654,East Aurora
655,East Fishkill
656,East Glenville
657,East Greenbush
658,East Hampton
659,East Hills
660,East Islip
661,East Massapequa
662,East Meadow
663,East Northport
664,East Patchogue
665,East Rochester
666,East Rockaway
667,Eastchester
668,Eden
669,Elbridge
670,Ellicott
671,Elma
672,Elmira
673,Elmont
674,Elwood
675,Endicott
676,Endwell
677,Erwin
678,Esopus
679,Evans
680,Fairmount
681,Fallsburg
682,Farmingdale
683,Farmington
684,Farmingville
685,Fenton
686,Fishkill
687,Floral Park
688,Fort Ann
689,Fort Drum
690,Fort Salonga
691,Frankfort
692,Franklin Square
693,Fredonia
694,Freeport
695,Fulton
696,Garden City
697,Garden City Park
698,Gates
699,Gates-North Gates
700,Geddes
701,Geneseo
702,Geneva
703,German Flatts
704,Glen Cove
705,Glens Falls
706,Glens Falls North
707,Glenville
708,Gloversville
709,Goshen
710,Gouverneur
711,Granby
712,Grand Island
713,Granville
714,Great Neck
715,Great Neck Plaza
716,Greece
717,Greenburgh
718,Greenfield
719,Greenlawn
720,Greenville
721,Guilderland
722,Halfmoon
723,Hamburg
724,Hamlin
725,Hampton Bays
726,Hanover
727,Harrison
728,Hartsdale
729,Hastings
730,Hastings-on-Hudson
731,Hauppauge
732,Haverstraw
733,Hempstead
734,Henrietta
735,Herkimer
736,Hewlett
737,Hicksville
738,Highlands
739,Hillcrest
740,Holbrook
741,Holtsville
742,Homer
743,Hoosick
744,Hornell
745,Horseheads
746,Hudson
747,Hudson Falls
748,Huntington
749,Huntington Station
750,Hurley
751,Hyde Park
752,Ilion
753,Inwood
754,Irondequoit
755,Irvington
756,Islip
757,Ithaca
758,Jamestown
759,Jefferson Valley-Yorktown
760,Jericho
761,Johnson City
762,Johnstown
763,Kenmore
764,Kent
765,Kinderhook
766,Kings Park
767,Kingsbury
768,Kingston
769,Kirkland
770,Kiryas Joel
771,La Grange
772,Lackawanna
773,Lake Carmel
774,Lake Grove
775,Lake Ronkonkoma
776,Lancaster
777,Lansing
778,Larchmont
779,Lawrence
780,Le Ray
781,Le Roy
782,Lee
783,Lenox
784,Levittown
785,Lewisboro
786,Lewiston
787,Liberty
788,Lindenhurst
789,Livonia
790,Lloyd
791,Lockport
792,Long Beach
793,Lynbrook
794,Lysander
795,Macedon
796,Mahopac
797,Malone
798,Malta
799,Malverne
800,Mamakating
801,Mamaroneck
802,Manchester
803,Manhasset
804,Manlius
805,Manorhaven
806,Manorville
807,Marcellus
808,Marcy
809,Marlborough
810,Massapequa
811,Massapequa Park
812,Massena
813,Mastic
814,Mastic Beach
815,Mattydale
816,Mayfield
817,Mechanicstown
818,Medford
819,Medina
820,Melville
821,Mendon
822,Merrick
823,Middle Island
824,Middletown
825,Miller Place
826,Milo
827,Milton
828,Mineola
829,Monroe
830,Monsey
831,Montgomery
832,Monticello
833,Moreau
834,Mount Hope
835,Mount Ivy
836,Mount Kisco
837,Mount Pleasant
838,Mount Sinai
839,Mount Vernon
840,Murray
841,Nanuet
842,Nesconset
843,New Cassel
844,New Castle
845,New City
846,New Hartford
847,New Hyde Park
848,New Paltz
849,New Rochelle
850,New Scotland
851,New Windsor
852,New York
853,Newark
854,Newburgh
855,Newfane
856,Newstead
857,Niagara
858,Niagara Falls
859,Niskayuna
860,North Amityville
861,North Babylon
862,North Bay Shore
863,North Bellmore
864,North Bellport
865,North Castle
866,North Elba
867,North Greenbush
868,North Hempstead
869,North Lindenhurst
870,North Massapequa
871,North Merrick
872,North New Hyde Park
873,North Patchogue
874,North Syracuse
875,North Tonawanda
876,North Valley Stream
877,North Wantagh
878,Northport
879,Norwich
880,Nyack
881,Oakdale
882,Oceanside
883,Ogden
884,Ogdensburg
885,Olean
886,Oneida
887,Oneonta
888,Onondaga
889,Ontario
890,Orange Lake
891,Orangetown
892,Orchard Park
893,Ossining
894,Oswego
895,Owego
896,Oyster Bay
897,Palmyra
898,Parma
899,Patchogue
900,Patterson
901,Pawling
902,Pearl River
903,Peekskill
904,Pelham
905,Pendleton
906,Penfield
907,Perinton
908,Perry
909,Peru
910,Phelps
911,Philipstown
912,Pittsford
913,Plainedge
914,Plainview
915,Plattekill
916,Plattsburgh
917,Pleasant Valley
918,Pleasantville
919,Pomfret
920,Pompey
921,Port Chester
922,Port Jefferson
923,Port Jefferson Station
924,Port Jervis
925,Port Washington
926,Porter
927,Potsdam
928,Poughkeepsie
929,Putnam Valley
930,Queensbury
931,Ramapo
932,Red Hook
933,Rensselaer
934,Rhinebeck
935,Ridge
936,Ridgeway
937,Riverhead
938,Rochester
939,Rockville Centre
940,Rocky Point
941,Rome
942,Ronkonkoma
943,Roosevelt
944,Rosendale
945,Roslyn Heights
946,Rotterdam
947,Royalton
948,Rye
949,Rye Brook
950,Salamanca
951,Salina
952,Salisbury
953,Sand Lake
954,Saratoga Springs
955,Saugerties
956,Sayville
957,Scarsdale
958,Schaghticoke
959,Schenectady
960,Schodack
961,Schroeppel
962,Scotchtown
963,Scotia
964,Scriba
965,Seaford
966,Selden
967,Seneca Falls
968,Setauket-East Setauket
969,Shawangunk
970,Shirley
971,Sidney
972,Skaneateles
973,Sleepy Hollow
974,Smithtown
975,Sodus
976,Solvay
977,Somers
978,Sound Beach
979,South Farmingdale
980,South Hill
981,South Huntington
982,South Lockport
983,Southampton
984,Southeast
985,Southold
986,Southport
987,Spring Valley
988,St. James
989,Stillwater
990,Stony Brook
991,Stony Point
992,Suffern
993,Sullivan
994,Sweden
995,Syosset
996,Syracuse
997,Tappan
998,Tarrytown
999,Terryville
1000,Thompson
1001,Tonawanda
1002,Troy
1003,Tuckahoe
1004,Ulster
1005,Union
1006,Uniondale
1007,Utica
1008,Valley Cottage
1009,Valley Stream
1010,Van Buren
1011,Verona
1012,Vestal
1013,Victor
1014,Volney
1015,Wading River
1016,Walden
1017,Wallkill
1018,Walworth
1019,Wantagh
1020,Wappinger
1021,Warwick
1022,Waterford
1023,Waterloo
1024,Watertown
1025,Watervliet
1026,Wawarsing
1027,Wawayanda
1028,Webster
1029,Wellsville
1030,West Babylon
1031,West Glens Falls
1032,West Haverstraw
1033,West Hempstead
1034,West Islip
1035,West Point
1036,West Seneca
1037,Westbury
1038,Westmere
1039,Westmoreland
1040,Wheatfield
1041,White Plains
1042,Whitestown
1043,Williamson
1044,Williston Park
1045,Wilna
1046,Wilton
1047,Windsor
1048,Woodbury
1049,Woodmere
1050,Woodstock
1051,Wyandanch
1052,Yonkers
1053,Yorktown
1054,Yorktown Heights
