1,Aaron,
2,Abbey,
3,Abbie,
4,Abby,
5,Abdul,
6,Abe,
7,Abel,
8,Abigail,
9,Abraham,
10,Abram,
11,Ada,
12,Adah,
13,Adalberto,
14,Adaline,
15,Adam,
16,Adan,
17,Addie,
18,Adela,
19,Adelaida,
20,Adelaide,
21,Adele,
22,Adelia,
23,Adelina,
24,Adeline,
25,Adell,
26,Adella,
27,Adelle,
28,Adena,
29,Adina,
30,Adolfo,
31,Adolph,
32,Adria,
33,Adrian,
34,Adriana,
35,Adriane,
36,Adrianna,
37,Adrianne,
38,Adrien,
39,Adriene,
40,Adrienne,
41,Afton,
42,Agatha,
43,Agnes,
44,Agnus,
45,Agripina,
46,Agueda,
47,Agustin,
48,Agustina,
49,Ahmad,
50,Ahmed,
51,Ai,
52,Aida,
53,Aide,
54,Aiko,
55,Aileen,
56,Ailene,
57,Aimee,
58,Aisha,
59,Aja,
60,Akiko,
61,Akilah,
62,Al,
63,Alaina,
64,Alaine,
65,Alan,
66,Alana,
67,Alane,
68,Alanna,
69,Alayna,
70,Alba,
71,Albert,
72,Albert,
73,Alberta,
74,Albertha,
75,Albertina,
76,Albertine,
77,Alberto,
78,Albina,
79,Alda,
80,Alden,
81,Aldo,
82,Alease,
83,Alec,
84,Alecia,
85,Aleen,
86,Aleida,
87,Aleisha,
88,Alejandra,
89,Alejandrina,
90,Alejandro,
91,Alena,
92,Alene,
93,Alesha,
94,Aleshia,
95,Alesia,
96,Alessandra,
97,Aleta,
98,Aletha,
99,Alethea,
100,Alethia,
101,Alex,
102,Alexa,
103,Alexander,
104,Alexandra,
105,Alexandria,
106,Alexia,
107,Alexis,
108,Alfonso,
109,Alfonzo,
110,Alfred,
111,Alfreda,
112,Alfredia,
113,Alfredo,
114,Ali,
115,Alia,
116,Alica,
117,Alice,
118,Alicia,
119,Alida,
120,Alina,
121,Aline,
122,Alisa,
123,Alise,
124,Alisha,
125,Alishia,
126,Alisia,
127,Alison,
128,Alissa,
129,Alita,
130,Alix,
131,Aliza,
132,Alla,
133,Allan,
134,Alleen,
135,Allegra,
136,Allen,
137,Allen,
138,Allena,
139,Allene,
140,Allie,
141,Alline,
142,Allison,
143,Allyn,
144,Allyson,
145,Alma,
146,Almeda,
147,Almeta,
148,Alona,
149,Alonso,
150,Alonzo,
151,Alpha,
152,Alphonse,
153,Alphonso,
154,Alta,
155,Altagracia,
156,Altha,
157,Althea,
158,Alton,
159,Alva,
160,Alva,
161,Alvaro,
162,Alvera,
163,Alverta,
164,Alvin,
165,Alvina,
166,Alyce,
167,Alycia,
168,Alysa,
169,Alyse,
170,Alysha,
171,Alysia,
172,Alyson,
173,Alyssa,
174,Amada,
175,Amado,
176,Amal,
177,Amalia,
178,Amanda,
179,Amber,
180,Amberly,
181,Ambrose,
182,Amee,
183,Amelia,
184,America,
185,Ami,
186,Amie,
187,Amiee,
188,Amina,
189,Amira,
190,Ammie,
191,Amos,
192,Amparo,
193,Amy,
194,An,
195,Ana,
196,Anabel,
197,Analisa,
198,Anamaria,
199,Anastacia,
200,Anastasia,
201,Andera,
202,Anderson,
203,Andra,
204,Andre,
205,Andrea,
206,Andreas,
207,Andree,
208,Andres,
209,Andrew,
210,Andrew,
211,Andria,
212,Andy,
213,Anette,
214,Angel,
215,Angela,
216,Angele,
217,Angelena,
218,Angeles,
219,Angelia,
220,Angelic,
221,Angelica,
222,Angelika,
223,Angelina,
224,Angeline,
225,Angelique,
226,Angelita,
227,Angella,
228,Angelo,
229,Angelyn,
230,Angie,
231,Angila,
232,Angla,
233,Angle,
234,Anglea,
235,Anh,
236,Anibal,
237,Anika,
238,Anisa,
239,Anisha,
240,Anissa,
241,Anita,
242,Anitra,
243,Anja,
244,Anjanette,
245,Anjelica,
246,Ann,
247,Anna,
248,Annabel,
249,Annabell,
250,Annabelle,
251,Annalee,
252,Annalisa,
253,Annamae,
254,Annamaria,
255,Annamarie,
256,Anne,
257,Anneliese,
258,Annelle,
259,Annemarie,
260,Annett,
261,Annetta,
262,Annette,
263,Annice,
264,Annie,
265,Annika,
266,Annis,
267,Annita,
268,Annmarie,
269,Anthony,
270,Anthony,
271,Antione,
272,Antionette,
273,Antoine,
274,Antoinette,
275,Anton,
276,Antone,
277,Antonetta,
278,Antonette,
279,Antonia,
280,Antonia,
281,Antonietta,
282,Antonina,
283,Antonio,
284,Antonio,
285,Antony,
286,Antwan,
287,Anya,
288,Apolonia,
289,April,
290,Apryl,
291,Ara,
292,Araceli,
293,Aracelis,
294,Aracely,
295,Arcelia,
296,Archie,
297,Ardath,
298,Ardelia,
299,Ardell,
300,Ardella,
301,Ardelle,
302,Arden,
303,Ardis,
304,Ardith,
305,Aretha,
306,Argelia,
307,Argentina,
308,Ariana,
309,Ariane,
310,Arianna,
311,Arianne,
312,Arica,
313,Arie,
314,Ariel,
315,Ariel,
316,Arielle,
317,Arla,
318,Arlean,
319,Arleen,
320,Arlen,
321,Arlena,
322,Arlene,
323,Arletha,
324,Arletta,
325,Arlette,
326,Arlie,
327,Arlinda,
328,Arline,
329,Arlyne,
330,Armand,
331,Armanda,
332,Armandina,
333,Armando,
334,Armida,
335,Arminda,
336,Arnetta,
337,Arnette,
338,Arnita,
339,Arnold,
340,Arnoldo,
341,Arnulfo,
342,Aron,
343,Arron,
344,Art,
345,Arthur,
346,Arthur,
347,Artie,
348,Arturo,
349,Arvilla,
350,Asa,
351,Asha,
352,Ashanti,
353,Ashely,
354,Ashlea,
355,Ashlee,
356,Ashleigh,
357,Ashley,
358,Ashley,
359,Ashli,
360,Ashlie,
361,Ashly,
362,Ashlyn,
363,Ashton,
364,Asia,
365,Asley,
366,Assunta,
367,Astrid,
368,Asuncion,
369,Athena,
370,Aubrey,
371,Aubrey,
372,Audie,
373,Audra,
374,Audrea,
375,Audrey,
376,Audria,
377,Audrie,
378,Audry,
379,August,
380,Augusta,
381,Augustina,
382,Augustine,
383,Augustine,
384,Augustus,
385,Aundrea,
386,Aura,
387,Aurea,
388,Aurelia,
389,Aurelio,
390,Aurora,
391,Aurore,
392,Austin,
393,Austin,
394,Autumn,
395,Ava,
396,Avelina,
397,Avery,
398,Avery,
399,Avis,
400,Avril,
401,Awilda,
402,Ayako,
403,Ayana,
404,Ayanna,
405,Ayesha,
406,Azalee,
407,Azucena,
408,Azzie,
409,Babara,
410,Babette,
411,Bailey,
412,Bambi,
413,Bao,
414,Barabara,
415,Barb,
416,Barbar,
417,Barbara,
418,Barbera,
419,Barbie,
420,Barbra,
421,Bari,
422,Barney,
423,Barrett,
424,Barrie,
425,Barry,
426,Bart,
427,Barton,
428,Basil,
429,Basilia,
430,Bea,
431,Beata,
432,Beatrice,
433,Beatris,
434,Beatriz,
435,Beau,
436,Beaulah,
437,Bebe,
438,Becki,
439,Beckie,
440,Becky,
441,Bee,
442,Belen,
443,Belia,
444,Belinda,
445,Belkis,
446,Bell,
447,Bella,
448,Belle,
449,Belva,
450,Ben,
451,Benedict,
452,Benita,
453,Benito,
454,Benjamin,
455,Bennett,
456,Bennie,
457,Bennie,
458,Benny,
459,Benton,
460,Berenice,
461,Berna,
462,Bernadette,
463,Bernadine,
464,Bernard,
465,Bernarda,
466,Bernardina,
467,Bernardine,
468,Bernardo,
469,Berneice,
470,Bernetta,
471,Bernice,
472,Bernie,
473,Bernie,
474,Berniece,
475,Bernita,
476,Berry,
477,Berry,
478,Bert,
479,Berta,
480,Bertha,
481,Bertie,
482,Bertram,
483,Beryl,
484,Bess,
485,Bessie,
486,Beth,
487,Bethanie,
488,Bethann,
489,Bethany,
490,Bethel,
491,Betsey,
492,Betsy,
493,Bette,
494,Bettie,
495,Bettina,
496,Betty,
497,Bettyann,
498,Bettye,
499,Beula,
500,Beulah,
501,Bev,
502,Beverlee,
503,Beverley,
504,Beverly,
505,Bianca,
506,Bibi,
507,Bill,
508,Billi,
509,Billie,
510,Billie,
511,Billy,
512,Billy,
513,Billye,
514,Birdie,
515,Birgit,
516,Blaine,
517,Blair,
518,Blair,
519,Blake,
520,Blake,
521,Blanca,
522,Blanch,
523,Blanche,
524,Blondell,
525,Blossom,
526,Blythe,
527,Bo,
528,Bob,
529,Bobbi,
530,Bobbie,
531,Bobbie,
532,Bobby,
533,Bobby,
534,Bobbye,
535,Bobette,
536,Bok,
537,Bong,
538,Bonita,
539,Bonnie,
540,Bonny,
541,Booker,
542,Boris,
543,Boyce,
544,Boyd,
545,Brad,
546,Bradford,
547,Bradley,
548,Bradly,
549,Brady,
550,Brain,
551,Branda,
552,Brande,
553,Brandee,
554,Branden,
555,Brandi,
556,Brandie,
557,Brandon,
558,Brandon,
559,Brandy,
560,Brant,
561,Breana,
562,Breann,
563,Breanna,
564,Breanne,
565,Bree,
566,Brenda,
567,Brendan,
568,Brendon,
569,Brenna,
570,Brent,
571,Brenton,
572,Bret,
573,Brett,
574,Brett,
575,Brian,
576,Brian,
577,Briana,
578,Brianna,
579,Brianne,
580,Brice,
581,Bridget,
582,Bridgett,
583,Bridgette,
584,Brigette,
585,Brigid,
586,Brigida,
587,Brigitte,
588,Brinda,
589,Britany,
590,Britney,
591,Britni,
592,Britt,
593,Britt,
594,Britta,
595,Brittaney,
596,Brittani,
597,Brittanie,
598,Brittany,
599,Britteny,
600,Brittney,
601,Brittni,
602,Brittny,
603,Brock,
604,Broderick,
605,Bronwyn,
606,Brook,
607,Brooke,
608,Brooks,
609,Bruce,
610,Bruna,
611,Brunilda,
612,Bruno,
613,Bryan,
614,Bryanna,
615,Bryant,
616,Bryce,
617,Brynn,
618,Bryon,
619,Buck,
620,Bud,
621,Buddy,
622,Buena,
623,Buffy,
624,Buford,
625,Bula,
626,Bulah,
627,Bunny,
628,Burl,
629,Burma,
630,Burt,
631,Burton,
632,Buster,
633,Byron,
634,Caitlin,
635,Caitlyn,
636,Calandra,
637,Caleb,
638,Calista,
639,Callie,
640,Calvin,
641,Camelia,
642,Camellia,
643,Cameron,
644,Cameron,
645,Cami,
646,Camie,
647,Camila,
648,Camilla,
649,Camille,
650,Cammie,
651,Cammy,
652,Candace,
653,Candance,
654,Candelaria,
655,Candi,
656,Candice,
657,Candida,
658,Candie,
659,Candis,
660,Candra,
661,Candy,
662,Candyce,
663,Caprice,
664,Cara,
665,Caren,
666,Carey,
667,Carey,
668,Cari,
669,Caridad,
670,Carie,
671,Carin,
672,Carina,
673,Carisa,
674,Carissa,
675,Carita,
676,Carl,
677,Carl,
678,Carla,
679,Carlee,
680,Carleen,
681,Carlena,
682,Carlene,
683,Carletta,
684,Carley,
685,Carli,
686,Carlie,
687,Carline,
688,Carlita,
689,Carlo,
690,Carlos,
691,Carlos,
692,Carlota,
693,Carlotta,
694,Carlton,
695,Carly,
696,Carlyn,
697,Carma,
698,Carman,
699,Carmel,
700,Carmela,
701,Carmelia,
702,Carmelina,
703,Carmelita,
704,Carmella,
705,Carmelo,
706,Carmen,
707,Carmen,
708,Carmina,
709,Carmine,
710,Carmon,
711,Carol,
712,Carol,
713,Carola,
714,Carolann,
715,Carole,
716,Carolee,
717,Carolin,
718,Carolina,
719,Caroline,
720,Caroll,
721,Carolyn,
722,Carolyne,
723,Carolynn,
724,Caron,
725,Caroyln,
726,Carri,
727,Carrie,
728,Carrol,
729,Carrol,
730,Carroll,
731,Carroll,
732,Carry,
733,Carson,
734,Carter,
735,Cary,
736,Cary,
737,Caryl,
738,Carylon,
739,Caryn,
740,Casandra,
741,Casey,
742,Casey,
743,Casie,
744,Casimira,
745,Cassandra,
746,Cassaundra,
747,Cassey,
748,Cassi,
749,Cassidy,
750,Cassie,
751,Cassondra,
752,Cassy,
753,Catalina,
754,Catarina,
755,Caterina,
756,Catharine,
757,Catherin,
758,Catherina,
759,Catherine,
760,Cathern,
761,Catheryn,
762,Cathey,
763,Cathi,
764,Cathie,
765,Cathleen,
766,Cathrine,
767,Cathryn,
768,Cathy,
769,Catina,
770,Catrice,
771,Catrina,
772,Cayla,
773,Cecelia,
774,Cecil,
775,Cecil,
776,Cecila,
777,Cecile,
778,Cecilia,
779,Cecille,
780,Cecily,
781,Cedric,
782,Cedrick,
783,Celena,
784,Celesta,
785,Celeste,
786,Celestina,
787,Celestine,
788,Celia,
789,Celina,
790,Celinda,
791,Celine,
792,Celsa,
793,Ceola,
794,Cesar,
795,Chad,
796,Chadwick,
797,Chae,
798,Chan,
799,Chana,
800,Chance,
801,Chanda,
802,Chandra,
803,Chanel,
804,Chanell,
805,Chanelle,
806,Chang,
807,Chang,
808,Chantal,
809,Chantay,
810,Chante,
811,Chantel,
812,Chantell,
813,Chantelle,
814,Chara,
815,Charis,
816,Charise,
817,Charissa,
818,Charisse,
819,Charita,
820,Charity,
821,Charla,
822,Charleen,
823,Charlena,
824,Charlene,
825,Charles,
826,Charles,
827,Charlesetta,
828,Charlette,
829,Charley,
830,Charlie,
831,Charlie,
832,Charline,
833,Charlott,
834,Charlotte,
835,Charlsie,
836,Charlyn,
837,Charmain,
838,Charmaine,
839,Charolette,
840,Chas,
841,Chase,
842,Chasidy,
843,Chasity,
844,Chassidy,
845,Chastity,
846,Chau,
847,Chauncey,
848,Chaya,
849,Chelsea,
850,Chelsey,
851,Chelsie,
852,Cher,
853,Chere,
854,Cheree,
855,Cherelle,
856,Cheri,
857,Cherie,
858,Cherilyn,
859,Cherise,
860,Cherish,
861,Cherly,
862,Cherlyn,
863,Cherri,
864,Cherrie,
865,Cherry,
866,Cherryl,
867,Chery,
868,Cheryl,
869,Cheryle,
870,Cheryll,
871,Chester,
872,Chet,
873,Cheyenne,
874,Chi,
875,Chi,
876,Chia,
877,Chieko,
878,Chin,
879,China,
880,Ching,
881,Chiquita,
882,Chloe,
883,Chong,
884,Chong,
885,Chris,
886,Chris,
887,Chrissy,
888,Christa,
889,Christal,
890,Christeen,
891,Christel,
892,Christen,
893,Christena,
894,Christene,
895,Christi,
896,Christia,
897,Christian,
898,Christian,
899,Christiana,
900,Christiane,
901,Christie,
902,Christin,
903,Christina,
904,Christine,
905,Christinia,
906,Christoper,
907,Christopher,
908,Christopher,
909,Christy,
910,Chrystal,
911,Chu,
912,Chuck,
913,Chun,
914,Chung,
915,Chung,
916,Ciara,
917,Cicely,
918,Ciera,
919,Cierra,
920,Cinda,
921,Cinderella,
922,Cindi,
923,Cindie,
924,Cindy,
925,Cinthia,
926,Cira,
927,Clair,
928,Clair,
929,Claire,
930,Clara,
931,Clare,
932,Clarence,
933,Clarence,
934,Claretha,
935,Claretta,
936,Claribel,
937,Clarice,
938,Clarinda,
939,Clarine,
940,Claris,
941,Clarisa,
942,Clarissa,
943,Clarita,
944,Clark,
945,Classie,
946,Claud,
947,Claude,
948,Claude,
949,Claudette,
950,Claudia,
951,Claudie,
952,Claudine,
953,Claudio,
954,Clay,
955,Clayton,
956,Clelia,
957,Clemencia,
958,Clement,
959,Clemente,
960,Clementina,
961,Clementine,
962,Clemmie,
963,Cleo,
964,Cleo,
965,Cleopatra,
966,Cleora,
967,Cleotilde,
968,Cleta,
969,Cletus,
970,Cleveland,
971,Cliff,
972,Clifford,
973,Clifton,
974,Clint,
975,Clinton,
976,Clora,
977,Clorinda,
978,Clotilde,
979,Clyde,
980,Clyde,
981,Codi,
982,Cody,
983,Cody,
984,Colby,
985,Colby,
986,Cole,
987,Coleen,
988,Coleman,
989,Colene,
990,Coletta,
991,Colette,
992,Colin,
993,Colleen,
994,Collen,
995,Collene,
996,Collette,
997,Collin,
998,Colton,
999,Columbus,
1000,Concepcion,
1001,Conception,
1002,Concetta,
1003,Concha,
1004,Conchita,
1005,Connie,
1006,Connie,
1007,Conrad,
1008,Constance,
1009,Consuela,
1010,Consuelo,
1011,Contessa,
1012,Cora,
1013,Coral,
1014,Coralee,
1015,Coralie,
1016,Corazon,
1017,Cordelia,
1018,Cordell,
1019,Cordia,
1020,Cordie,
1021,Coreen,
1022,Corene,
1023,Coretta,
1024,Corey,
1025,Corey,
1026,Cori,
1027,Corie,
1028,Corina,
1029,Corine,
1030,Corinna,
1031,Corinne,
1032,Corliss,
1033,Cornelia,
1034,Cornelius,
1035,Cornell,
1036,Corrie,
1037,Corrin,
1038,Corrina,
1039,Corrine,
1040,Corrinne,
1041,Cortez,
1042,Cortney,
1043,Cory,
1044,Cory,
1045,Courtney,
1046,Courtney,
1047,Coy,
1048,Craig,
1049,Creola,
1050,Cris,
1051,Criselda,
1052,Crissy,
1053,Crista,
1054,Cristal,
1055,Cristen,
1056,Cristi,
1057,Cristie,
1058,Cristin,
1059,Cristina,
1060,Cristine,
1061,Cristobal,
1062,Cristopher,
1063,Cristy,
1064,Cruz,
1065,Cruz,
1066,Crysta,
1067,Crystal,
1068,Crystle,
1069,Cuc,
1070,Curt,
1071,Curtis,
1072,Curtis,
1073,Cyndi,
1074,Cyndy,
1075,Cynthia,
1076,Cyril,
1077,Cyrstal,
1078,Cyrus,
1079,Cythia,
1080,Dacia,
1081,Dagmar,
1082,Dagny,
1083,Dahlia,
1084,Daina,
1085,Daine,
1086,Daisey,
1087,Daisy,
1088,Dakota,
1089,Dale,
1090,Dale,
1091,Dalene,
1092,Dalia,
1093,Dalila,
1094,Dallas,
1095,Dallas,
1096,Dalton,
1097,Damaris,
1098,Damian,
1099,Damien,
1100,Damion,
1101,Damon,
1102,Dan,
1103,Dan,
1104,Dana,
1105,Dana,
1106,Danae,
1107,Dane,
1108,Danelle,
1109,Danette,
1110,Dani,
1111,Dania,
1112,Danial,
1113,Danica,
1114,Daniel,
1115,Daniel,
1116,Daniela,
1117,Daniele,
1118,Daniell,
1119,Daniella,
1120,Danielle,
1121,Danika,
1122,Danille,
1123,Danilo,
1124,Danita,
1125,Dann,
1126,Danna,
1127,Dannette,
1128,Dannie,
1129,Dannie,
1130,Dannielle,
1131,Danny,
1132,Dante,
1133,Danuta,
1134,Danyel,
1135,Danyell,
1136,Danyelle,
1137,Daphine,
1138,Daphne,
1139,Dara,
1140,Darby,
1141,Darcel,
1142,Darcey,
1143,Darci,
1144,Darcie,
1145,Darcy,
1146,Darell,
1147,Daren,
1148,Daria,
1149,Darin,
1150,Dario,
1151,Darius,
1152,Darla,
1153,Darleen,
1154,Darlena,
1155,Darlene,
1156,Darline,
1157,Darnell,
1158,Darnell,
1159,Daron,
1160,Darrel,
1161,Darrell,
1162,Darren,
1163,Darrick,
1164,Darrin,
1165,Darron,
1166,Darryl,
1167,Darwin,
1168,Daryl,
1169,Daryl,
1170,Dave,
1171,David,
1172,David,
1173,Davida,
1174,Davina,
1175,Davis,
1176,Dawn,
1177,Dawna,
1178,Dawne,
1179,Dayle,
1180,Dayna,
1181,Daysi,
1182,Deadra,
1183,Dean,
1184,Dean,
1185,Deana,
1186,Deandra,
1187,Deandre,
1188,Deandrea,
1189,Deane,
1190,Deangelo,
1191,Deann,
1192,Deanna,
1193,Deanne,
1194,Deb,
1195,Debbi,
1196,Debbie,
1197,Debbra,
1198,Debby,
1199,Debera,
1200,Debi,
1201,Debora,
1202,Deborah,
1203,Debra,
1204,Debrah,
1205,Debroah,
1206,Dede,
1207,Dedra,
1208,Dee,
1209,Dee,
1210,Deeann,
1211,Deeanna,
1212,Deedee,
1213,Deedra,
1214,Deena,
1215,Deetta,
1216,Deidra,
1217,Deidre,
1218,Deirdre,
1219,Deja,
1220,Del,
1221,Delaine,
1222,Delana,
1223,Delbert,
1224,Delcie,
1225,Delena,
1226,Delfina,
1227,Delia,
1228,Delicia,
1229,Delila,
1230,Delilah,
1231,Delinda,
1232,Delisa,
1233,Dell,
1234,Della,
1235,Delma,
1236,Delmar,
1237,Delmer,
1238,Delmy,
1239,Delois,
1240,Deloise,
1241,Delora,
1242,Deloras,
1243,Delores,
1244,Deloris,
1245,Delorse,
1246,Delpha,
1247,Delphia,
1248,Delphine,
1249,Delsie,
1250,Delta,
1251,Demarcus,
1252,Demetra,
1253,Demetria,
1254,Demetrice,
1255,Demetrius,
1256,Demetrius,
1257,Dena,
1258,Denae,
1259,Deneen,
1260,Denese,
1261,Denice,
1262,Denis,
1263,Denise,
1264,Denisha,
1265,Denisse,
1266,Denita,
1267,Denna,
1268,Dennis,
1269,Dennis,
1270,Dennise,
1271,Denny,
1272,Denny,
1273,Denver,
1274,Denyse,
1275,Deon,
1276,Deon,
1277,Deonna,
1278,Derek,
1279,Derick,
1280,Derrick,
1281,Deshawn,
1282,Desirae,
1283,Desire,
1284,Desiree,
1285,Desmond,
1286,Despina,
1287,Dessie,
1288,Destiny,
1289,Detra,
1290,Devin,
1291,Devin,
1292,Devon,
1293,Devon,
1294,Devona,
1295,Devora,
1296,Devorah,
1297,Dewayne,
1298,Dewey,
1299,Dewitt,
1300,Dexter,
1301,Dia,
1302,Diamond,
1303,Dian,
1304,Diana,
1305,Diane,
1306,Diann,
1307,Dianna,
1308,Dianne,
1309,Dick,
1310,Diedra,
1311,Diedre,
1312,Diego,
1313,Dierdre,
1314,Digna,
1315,Dillon,
1316,Dimple,
1317,Dina,
1318,Dinah,
1319,Dino,
1320,Dinorah,
1321,Dion,
1322,Dion,
1323,Dione,
1324,Dionna,
1325,Dionne,
1326,Dirk,
1327,Divina,
1328,Dixie,
1329,Dodie,
1330,Dollie,
1331,Dolly,
1332,Dolores,
1333,Doloris,
1334,Domenic,
1335,Domenica,
1336,Dominga,
1337,Domingo,
1338,Dominic,
1339,Dominica,
1340,Dominick,
1341,Dominique,
1342,Dominique,
1343,Dominque,
1344,Domitila,
1345,Domonique,
1346,Don,
1347,Dona,
1348,Donald,
1349,Donald,
1350,Donella,
1351,Donetta,
1352,Donette,
1353,Dong,
1354,Dong,
1355,Donita,
1356,Donn,
1357,Donna,
1358,Donnell,
1359,Donnetta,
1360,Donnette,
1361,Donnie,
1362,Donnie,
1363,Donny,
1364,Donovan,
1365,Donte,
1366,Donya,
1367,Dora,
1368,Dorathy,
1369,Dorcas,
1370,Doreatha,
1371,Doreen,
1372,Dorene,
1373,Doretha,
1374,Dorethea,
1375,Doretta,
1376,Dori,
1377,Doria,
1378,Dorian,
1379,Dorian,
1380,Dorie,
1381,Dorinda,
1382,Dorine,
1383,Doris,
1384,Dorla,
1385,Dorotha,
1386,Dorothea,
1387,Dorothy,
1388,Dorris,
1389,Dorsey,
1390,Dortha,
1391,Dorthea,
1392,Dorthey,
1393,Dorthy,
1394,Dot,
1395,Dottie,
1396,Dotty,
1397,Doug,
1398,Douglas,
1399,Douglass,
1400,Dovie,
1401,Doyle,
1402,Dreama,
1403,Drema,
1404,Drew,
1405,Drew,
1406,Drucilla,
1407,Drusilla,
1408,Duane,
1409,Dudley,
1410,Dulce,
1411,Dulcie,
1412,Duncan,
1413,Dung,
1414,Dusti,
1415,Dustin,
1416,Dusty,
1417,Dusty,
1418,Dwain,
1419,Dwana,
1420,Dwayne,
1421,Dwight,
1422,Dyan,
1423,Dylan,
1424,Earl,
1425,Earle,
1426,Earlean,
1427,Earleen,
1428,Earlene,
1429,Earlie,
1430,Earline,
1431,Earnest,
1432,Earnestine,
1433,Eartha,
1434,Easter,
1435,Eboni,
1436,Ebonie,
1437,Ebony,
1438,Echo,
1439,Ed,
1440,Eda,
1441,Edda,
1442,Eddie,
1443,Eddie,
1444,Eddy,
1445,Edelmira,
1446,Eden,
1447,Edgar,
1448,Edgardo,
1449,Edie,
1450,Edison,
1451,Edith,
1452,Edmond,
1453,Edmund,
1454,Edmundo,
1455,Edna,
1456,Edra,
1457,Edris,
1458,Eduardo,
1459,Edward,
1460,Edward,
1461,Edwardo,
1462,Edwin,
1463,Edwina,
1464,Edyth,
1465,Edythe,
1466,Effie,
1467,Efrain,
1468,Efren,
1469,Ehtel,
1470,Eileen,
1471,Eilene,
1472,Ela,
1473,Eladia,
1474,Elaina,
1475,Elaine,
1476,Elana,
1477,Elane,
1478,Elanor,
1479,Elayne,
1480,Elba,
1481,Elbert,
1482,Elda,
1483,Elden,
1484,Eldon,
1485,Eldora,
1486,Eldridge,
1487,Eleanor,
1488,Eleanora,
1489,Eleanore,
1490,Elease,
1491,Elena,
1492,Elene,
1493,Eleni,
1494,Elenor,
1495,Elenora,
1496,Elenore,
1497,Eleonor,
1498,Eleonora,
1499,Eleonore,
1500,Elfreda,
1501,Elfrieda,
1502,Elfriede,
1503,Eli,
1504,Elia,
1505,Eliana,
1506,Elias,
1507,Elicia,
1508,Elida,
1509,Elidia,
1510,Elijah,
1511,Elin,
1512,Elina,
1513,Elinor,
1514,Elinore,
1515,Elisa,
1516,Elisabeth,
1517,Elise,
1518,Eliseo,
1519,Elisha,
1520,Elisha,
1521,Elissa,
1522,Eliz,
1523,Eliza,
1524,Elizabet,
1525,Elizabeth,
1526,Elizbeth,
1527,Elizebeth,
1528,Elke,
1529,Ella,
1530,Ellamae,
1531,Ellan,
1532,Ellen,
1533,Ellena,
1534,Elli,
1535,Ellie,
1536,Elliot,
1537,Elliott,
1538,Ellis,
1539,Ellis,
1540,Ellsworth,
1541,Elly,
1542,Ellyn,
1543,Elma,
1544,Elmer,
1545,Elmer,
1546,Elmira,
1547,Elmo,
1548,Elna,
1549,Elnora,
1550,Elodia,
1551,Elois,
1552,Eloisa,
1553,Eloise,
1554,Elouise,
1555,Eloy,
1556,Elroy,
1557,Elsa,
1558,Else,
1559,Elsie,
1560,Elsy,
1561,Elton,
1562,Elva,
1563,Elvera,
1564,Elvia,
1565,Elvie,
1566,Elvin,
1567,Elvina,
1568,Elvira,
1569,Elvis,
1570,Elwanda,
1571,Elwood,
1572,Elyse,
1573,Elza,
1574,Ema,
1575,Emanuel,
1576,Emelda,
1577,Emelia,
1578,Emelina,
1579,Emeline,
1580,Emely,
1581,Emerald,
1582,Emerita,
1583,Emerson,
1584,Emery,
1585,Emiko,
1586,Emil,
1587,Emile,
1588,Emilee,
1589,Emilia,
1590,Emilie,
1591,Emilio,
1592,Emily,
1593,Emma,
1594,Emmaline,
1595,Emmanuel,
1596,Emmett,
1597,Emmie,
1598,Emmitt,
1599,Emmy,
1600,Emogene,
1601,Emory,
1602,Ena,
1603,Enda,
1604,Enedina,
1605,Eneida,
1606,Enid,
1607,Enoch,
1608,Enola,
1609,Enrique,
1610,Enriqueta,
1611,Epifania,
1612,Era,
1613,Erasmo,
1614,Eric,
1615,Eric,
1616,Erica,
1617,Erich,
1618,Erick,
1619,Ericka,
1620,Erik,
1621,Erika,
1622,Erin,
1623,Erin,
1624,Erinn,
1625,Erlene,
1626,Erlinda,
1627,Erline,
1628,Erma,
1629,Ermelinda,
1630,Erminia,
1631,Erna,
1632,Ernest,
1633,Ernestina,
1634,Ernestine,
1635,Ernesto,
1636,Ernie,
1637,Errol,
1638,Ervin,
1639,Erwin,
1640,Eryn,
1641,Esmeralda,
1642,Esperanza,
1643,Essie,
1644,Esta,
1645,Esteban,
1646,Estefana,
1647,Estela,
1648,Estell,
1649,Estella,
1650,Estelle,
1651,Ester,
1652,Esther,
1653,Estrella,
1654,Etha,
1655,Ethan,
1656,Ethel,
1657,Ethelene,
1658,Ethelyn,
1659,Ethyl,
1660,Etsuko,
1661,Etta,
1662,Ettie,
1663,Eufemia,
1664,Eugena,
1665,Eugene,
1666,Eugene,
1667,Eugenia,
1668,Eugenie,
1669,Eugenio,
1670,Eula,
1671,Eulah,
1672,Eulalia,
1673,Eun,
1674,Euna,
1675,Eunice,
1676,Eura,
1677,Eusebia,
1678,Eusebio,
1679,Eustolia,
1680,Eva,
1681,Evalyn,
1682,Evan,
1683,Evan,
1684,Evangelina,
1685,Evangeline,
1686,Eve,
1687,Evelia,
1688,Evelin,
1689,Evelina,
1690,Eveline,
1691,Evelyn,
1692,Evelyne,
1693,Evelynn,
1694,Everett,
1695,Everette,
1696,Evette,
1697,Evia,
1698,Evie,
1699,Evita,
1700,Evon,
1701,Evonne,
1702,Ewa,
1703,Exie,
1704,Ezekiel,
1705,Ezequiel,
1706,Ezra,
1707,Fabian,
1708,Fabiola,
1709,Fae,
1710,Fairy,
1711,Faith,
1712,Fallon,
1713,Fannie,
1714,Fanny,
1715,Farah,
1716,Farrah,
1717,Fatima,
1718,Fatimah,
1719,Faustina,
1720,Faustino,
1721,Fausto,
1722,Faviola,
1723,Fawn,
1724,Fay,
1725,Faye,
1726,Fe,
1727,Federico,
1728,Felecia,
1729,Felica,
1730,Felice,
1731,Felicia,
1732,Felicidad,
1733,Felicita,
1734,Felicitas,
1735,Felipa,
1736,Felipe,
1737,Felisa,
1738,Felisha,
1739,Felix,
1740,Felton,
1741,Ferdinand,
1742,Fermin,
1743,Fermina,
1744,Fern,
1745,Fernanda,
1746,Fernande,
1747,Fernando,
1748,Ferne,
1749,Fidel,
1750,Fidela,
1751,Fidelia,
1752,Filiberto,
1753,Filomena,
1754,Fiona,
1755,Flavia,
1756,Fleta,
1757,Fletcher,
1758,Flo,
1759,Flor,
1760,Flora,
1761,Florance,
1762,Florence,
1763,Florencia,
1764,Florencio,
1765,Florene,
1766,Florentina,
1767,Florentino,
1768,Floretta,
1769,Floria,
1770,Florida,
1771,Florinda,
1772,Florine,
1773,Florrie,
1774,Flossie,
1775,Floy,
1776,Floyd,
1777,Fonda,
1778,Forest,
1779,Forrest,
1780,Foster,
1781,Fran,
1782,France,
1783,Francene,
1784,Frances,
1785,Frances,
1786,Francesca,
1787,Francesco,
1788,Franchesca,
1789,Francie,
1790,Francina,
1791,Francine,
1792,Francis,
1793,Francis,
1794,Francisca,
1795,Francisco,
1796,Francisco,
1797,Francoise,
1798,Frank,
1799,Frank,
1800,Frankie,
1801,Frankie,
1802,Franklin,
1803,Franklyn,
1804,Fransisca,
1805,Fred,
1806,Fred,
1807,Freda,
1808,Fredda,
1809,Freddie,
1810,Freddie,
1811,Freddy,
1812,Frederic,
1813,Frederica,
1814,Frederick,
1815,Fredericka,
1816,Fredia,
1817,Fredric,
1818,Fredrick,
1819,Fredricka,
1820,Freeda,
1821,Freeman,
1822,Freida,
1823,Frida,
1824,Frieda,
1825,Fritz,
1826,Fumiko,
1827,Gabriel,
1828,Gabriel,
1829,Gabriela,
1830,Gabriele,
1831,Gabriella,
1832,Gabrielle,
1833,Gail,
1834,Gail,
1835,Gala,
1836,Gale,
1837,Gale,
1838,Galen,
1839,Galina,
1840,Garfield,
1841,Garland,
1842,Garnet,
1843,Garnett,
1844,Garret,
1845,Garrett,
1846,Garry,
1847,Garth,
1848,Gary,
1849,Gary,
1850,Gaston,
1851,Gavin,
1852,Gay,
1853,Gaye,
1854,Gayla,
1855,Gayle,
1856,Gayle,
1857,Gaylene,
1858,Gaylord,
1859,Gaynell,
1860,Gaynelle,
1861,Gearldine,
1862,Gema,
1863,Gemma,
1864,Gena,
1865,Genaro,
1866,Gene,
1867,Gene,
1868,Genesis,
1869,Geneva,
1870,Genevie,
1871,Genevieve,
1872,Genevive,
1873,Genia,
1874,Genie,
1875,Genna,
1876,Gennie,
1877,Genny,
1878,Genoveva,
1879,Geoffrey,
1880,Georgann,
1881,George,
1882,George,
1883,Georgeann,
1884,Georgeanna,
1885,Georgene,
1886,Georgetta,
1887,Georgette,
1888,Georgia,
1889,Georgiana,
1890,Georgiann,
1891,Georgianna,
1892,Georgianne,
1893,Georgie,
1894,Georgina,
1895,Georgine,
1896,Gerald,
1897,Gerald,
1898,Geraldine,
1899,Geraldo,
1900,Geralyn,
1901,Gerard,
1902,Gerardo,
1903,Gerda,
1904,Geri,
1905,Germaine,
1906,German,
1907,Gerri,
1908,Gerry,
1909,Gerry,
1910,Gertha,
1911,Gertie,
1912,Gertrud,
1913,Gertrude,
1914,Gertrudis,
1915,Gertude,
1916,Ghislaine,
1917,Gia,
1918,Gianna,
1919,Gidget,
1920,Gigi,
1921,Gil,
1922,Gilbert,
1923,Gilberte,
1924,Gilberto,
1925,Gilda,
1926,Gillian,
1927,Gilma,
1928,Gina,
1929,Ginette,
1930,Ginger,
1931,Ginny,
1932,Gino,
1933,Giovanna,
1934,Giovanni,
1935,Gisela,
1936,Gisele,
1937,Giselle,
1938,Gita,
1939,Giuseppe,
1940,Giuseppina,
1941,Gladis,
1942,Glady,
1943,Gladys,
1944,Glayds,
1945,Glen,
1946,Glenda,
1947,Glendora,
1948,Glenn,
1949,Glenn,
1950,Glenna,
1951,Glennie,
1952,Glennis,
1953,Glinda,
1954,Gloria,
1955,Glory,
1956,Glynda,
1957,Glynis,
1958,Golda,
1959,Golden,
1960,Goldie,
1961,Gonzalo,
1962,Gordon,
1963,Grace,
1964,Gracia,
1965,Gracie,
1966,Graciela,
1967,Grady,
1968,Graham,
1969,Graig,
1970,Grant,
1971,Granville,
1972,Grayce,
1973,Grazyna,
1974,Greg,
1975,Gregg,
1976,Gregoria,
1977,Gregorio,
1978,Gregory,
1979,Gregory,
1980,Greta,
1981,Gretchen,
1982,Gretta,
1983,Gricelda,
1984,Grisel,
1985,Griselda,
1986,Grover,
1987,Guadalupe,
1988,Guadalupe,
1989,Gudrun,
1990,Guillermina,
1991,Guillermo,
1992,Gus,
1993,Gussie,
1994,Gustavo,
1995,Guy,
1996,Gwen,
1997,Gwenda,
1998,Gwendolyn,
1999,Gwenn,
2000,Gwyn,
2001,Gwyneth,
2002,Ha,
2003,Hae,
2004,Hai,
2005,Hailey,
2006,Hal,
2007,Haley,
2008,Halina,
2009,Halley,
2010,Hallie,
2011,Han,
2012,Hana,
2013,Hang,
2014,Hanh,
2015,Hank,
2016,Hanna,
2017,Hannah,
2018,Hannelore,
2019,Hans,
2020,Harlan,
2021,Harland,
2022,Harley,
2023,Harmony,
2024,Harold,
2025,Harold,
2026,Harriet,
2027,Harriett,
2028,Harriette,
2029,Harris,
2030,Harrison,
2031,Harry,
2032,Harvey,
2033,Hassan,
2034,Hassie,
2035,Hattie,
2036,Haydee,
2037,Hayden,
2038,Hayley,
2039,Haywood,
2040,Hazel,
2041,Heath,
2042,Heather,
2043,Hector,
2044,Hedwig,
2045,Hedy,
2046,Hee,
2047,Heide,
2048,Heidi,
2049,Heidy,
2050,Heike,
2051,Helaine,
2052,Helen,
2053,Helena,
2054,Helene,
2055,Helga,
2056,Hellen,
2057,Henrietta,
2058,Henriette,
2059,Henry,
2060,Henry,
2061,Herb,
2062,Herbert,
2063,Heriberto,
2064,Herlinda,
2065,Herma,
2066,Herman,
2067,Hermelinda,
2068,Hermila,
2069,Hermina,
2070,Hermine,
2071,Herminia,
2072,Herschel,
2073,Hershel,
2074,Herta,
2075,Hertha,
2076,Hester,
2077,Hettie,
2078,Hiedi,
2079,Hien,
2080,Hilaria,
2081,Hilario,
2082,Hilary,
2083,Hilda,
2084,Hilde,
2085,Hildegard,
2086,Hildegarde,
2087,Hildred,
2088,Hillary,
2089,Hilma,
2090,Hilton,
2091,Hipolito,
2092,Hiram,
2093,Hiroko,
2094,Hisako,
2095,Hoa,
2096,Hobert,
2097,Holley,
2098,Holli,
2099,Hollie,
2100,Hollis,
2101,Hollis,
2102,Holly,
2103,Homer,
2104,Honey,
2105,Hong,
2106,Hong,
2107,Hope,
2108,Horace,
2109,Horacio,
2110,Hortencia,
2111,Hortense,
2112,Hortensia,
2113,Hosea,
2114,Houston,
2115,Howard,
2116,Hoyt,
2117,Hsiu,
2118,Hubert,
2119,Hue,
2120,Huey,
2121,Hugh,
2122,Hugo,
2123,Hui,
2124,Hulda,
2125,Humberto,
2126,Hung,
2127,Hunter,
2128,Huong,
2129,Hwa,
2130,Hyacinth,
2131,Hye,
2132,Hyman,
2133,Hyo,
2134,Hyon,
2135,Hyun,
2136,Ian,
2137,Ida,
2138,Idalia,
2139,Idell,
2140,Idella,
2141,Iesha,
2142,Ignacia,
2143,Ignacio,
2144,Ike,
2145,Ila,
2146,Ilana,
2147,Ilda,
2148,Ileana,
2149,Ileen,
2150,Ilene,
2151,Iliana,
2152,Illa,
2153,Ilona,
2154,Ilse,
2155,Iluminada,
2156,Ima,
2157,Imelda,
2158,Imogene,
2159,In,
2160,Ina,
2161,India,
2162,Indira,
2163,Inell,
2164,Ines,
2165,Inez,
2166,Inga,
2167,Inge,
2168,Ingeborg,
2169,Inger,
2170,Ingrid,
2171,Inocencia,
2172,Iola,
2173,Iona,
2174,Ione,
2175,Ira,
2176,Ira,
2177,Iraida,
2178,Irena,
2179,Irene,
2180,Irina,
2181,Iris,
2182,Irish,
2183,Irma,
2184,Irmgard,
2185,Irvin,
2186,Irving,
2187,Irwin,
2188,Isa,
2189,Isaac,
2190,Isabel,
2191,Isabell,
2192,Isabella,
2193,Isabelle,
2194,Isadora,
2195,Isaiah,
2196,Isaias,
2197,Isaura,
2198,Isela,
2199,Isiah,
2200,Isidra,
2201,Isidro,
2202,Isis,
2203,Ismael,
2204,Isobel,
2205,Israel,
2206,Isreal,
2207,Issac,
2208,Iva,
2209,Ivan,
2210,Ivana,
2211,Ivelisse,
2212,Ivette,
2213,Ivey,
2214,Ivonne,
2215,Ivory,
2216,Ivory,
2217,Ivy,
2218,Izetta,
2219,Izola,
2220,Ja,
2221,Jacalyn,
2222,Jacelyn,
2223,Jacinda,
2224,Jacinta,
2225,Jacinto,
2226,Jack,
2227,Jack,
2228,Jackeline,
2229,Jackelyn,
2230,Jacki,
2231,Jackie,
2232,Jackie,
2233,Jacklyn,
2234,Jackqueline,
2235,Jackson,
2236,Jaclyn,
2237,Jacob,
2238,Jacqualine,
2239,Jacque,
2240,Jacquelin,
2241,Jacqueline,
2242,Jacquelyn,
2243,Jacquelyne,
2244,Jacquelynn,
2245,Jacques,
2246,Jacquetta,
2247,Jacqui,
2248,Jacquie,
2249,Jacquiline,
2250,Jacquline,
2251,Jacqulyn,
2252,Jada,
2253,Jade,
2254,Jadwiga,
2255,Jae,
2256,Jae,
2257,Jaime,
2258,Jaime,
2259,Jaimee,
2260,Jaimie,
2261,Jake,
2262,Jaleesa,
2263,Jalisa,
2264,Jama,
2265,Jamaal,
2266,Jamal,
2267,Jamar,
2268,Jame,
2269,Jame,
2270,Jamee,
2271,Jamel,
2272,James,
2273,James,
2274,Jamey,
2275,Jamey,
2276,Jami,
2277,Jamie,
2278,Jamie,
2279,Jamika,
2280,Jamila,
2281,Jamison,
2282,Jammie,
2283,Jan,
2284,Jan,
2285,Jana,
2286,Janae,
2287,Janay,
2288,Jane,
2289,Janean,
2290,Janee,
2291,Janeen,
2292,Janel,
2293,Janell,
2294,Janella,
2295,Janelle,
2296,Janene,
2297,Janessa,
2298,Janet,
2299,Janeth,
2300,Janett,
2301,Janetta,
2302,Janette,
2303,Janey,
2304,Jani,
2305,Janice,
2306,Janie,
2307,Janiece,
2308,Janina,
2309,Janine,
2310,Janis,
2311,Janise,
2312,Janita,
2313,Jann,
2314,Janna,
2315,Jannet,
2316,Jannette,
2317,Jannie,
2318,January,
2319,Janyce,
2320,Jaqueline,
2321,Jaquelyn,
2322,Jared,
2323,Jarod,
2324,Jarred,
2325,Jarrett,
2326,Jarrod,
2327,Jarvis,
2328,Jasmin,
2329,Jasmine,
2330,Jason,
2331,Jason,
2332,Jasper,
2333,Jaunita,
2334,Javier,
2335,Jay,
2336,Jay,
2337,Jaye,
2338,Jayme,
2339,Jaymie,
2340,Jayna,
2341,Jayne,
2342,Jayson,
2343,Jazmin,
2344,Jazmine,
2345,Jc,
2346,Jean,
2347,Jean,
2348,Jeana,
2349,Jeane,
2350,Jeanelle,
2351,Jeanene,
2352,Jeanett,
2353,Jeanetta,
2354,Jeanette,
2355,Jeanice,
2356,Jeanie,
2357,Jeanine,
2358,Jeanmarie,
2359,Jeanna,
2360,Jeanne,
2361,Jeannetta,
2362,Jeannette,
2363,Jeannie,
2364,Jeannine,
2365,Jed,
2366,Jeff,
2367,Jefferey,
2368,Jefferson,
2369,Jeffery,
2370,Jeffie,
2371,Jeffrey,
2372,Jeffrey,
2373,Jeffry,
2374,Jen,
2375,Jena,
2376,Jenae,
2377,Jene,
2378,Jenee,
2379,Jenell,
2380,Jenelle,
2381,Jenette,
2382,Jeneva,
2383,Jeni,
2384,Jenice,
2385,Jenifer,
2386,Jeniffer,
2387,Jenine,
2388,Jenise,
2389,Jenna,
2390,Jennefer,
2391,Jennell,
2392,Jennette,
2393,Jenni,
2394,Jennie,
2395,Jennifer,
2396,Jenniffer,
2397,Jennine,
2398,Jenny,
2399,Jerald,
2400,Jeraldine,
2401,Jeramy,
2402,Jere,
2403,Jeremiah,
2404,Jeremy,
2405,Jeremy,
2406,Jeri,
2407,Jerica,
2408,Jerilyn,
2409,Jerlene,
2410,Jermaine,
2411,Jerold,
2412,Jerome,
2413,Jeromy,
2414,Jerrell,
2415,Jerri,
2416,Jerrica,
2417,Jerrie,
2418,Jerrod,
2419,Jerrold,
2420,Jerry,
2421,Jerry,
2422,Jesenia,
2423,Jesica,
2424,Jess,
2425,Jesse,
2426,Jesse,
2427,Jessenia,
2428,Jessi,
2429,Jessia,
2430,Jessica,
2431,Jessie,
2432,Jessie,
2433,Jessika,
2434,Jestine,
2435,Jesus,
2436,Jesus,
2437,Jesusa,
2438,Jesusita,
2439,Jetta,
2440,Jettie,
2441,Jewel,
2442,Jewel,
2443,Jewell,
2444,Jewell,
2445,Ji,
2446,Jill,
2447,Jillian,
2448,Jim,
2449,Jimmie,
2450,Jimmie,
2451,Jimmy,
2452,Jimmy,
2453,Jin,
2454,Jina,
2455,Jinny,
2456,Jo,
2457,Joan,
2458,Joan,
2459,Joana,
2460,Joane,
2461,Joanie,
2462,Joann,
2463,Joanna,
2464,Joanne,
2465,Joannie,
2466,Joaquin,
2467,Joaquina,
2468,Jocelyn,
2469,Jodee,
2470,Jodi,
2471,Jodie,
2472,Jody,
2473,Jody,
2474,Joe,
2475,Joe,
2476,Joeann,
2477,Joel,
2478,Joel,
2479,Joella,
2480,Joelle,
2481,Joellen,
2482,Joesph,
2483,Joetta,
2484,Joette,
2485,Joey,
2486,Joey,
2487,Johana,
2488,Johanna,
2489,Johanne,
2490,John,
2491,John,
2492,Johna,
2493,Johnathan,
2494,Johnathon,
2495,Johnetta,
2496,Johnette,
2497,Johnie,
2498,Johnie,
2499,Johnna,
2500,Johnnie,
2501,Johnnie,
2502,Johnny,
2503,Johnny,
2504,Johnsie,
2505,Johnson,
2506,Joi,
2507,Joie,
2508,Jolanda,
2509,Joleen,
2510,Jolene,
2511,Jolie,
2512,Joline,
2513,Jolyn,
2514,Jolynn,
2515,Jon,
2516,Jon,
2517,Jona,
2518,Jonah,
2519,Jonas,
2520,Jonathan,
2521,Jonathon,
2522,Jone,
2523,Jonell,
2524,Jonelle,
2525,Jong,
2526,Joni,
2527,Jonie,
2528,Jonna,
2529,Jonnie,
2530,Jordan,
2531,Jordan,
2532,Jordon,
2533,Jorge,
2534,Jose,
2535,Jose,
2536,Josef,
2537,Josefa,
2538,Josefina,
2539,Josefine,
2540,Joselyn,
2541,Joseph,
2542,Joseph,
2543,Josephina,
2544,Josephine,
2545,Josette,
2546,Josh,
2547,Joshua,
2548,Joshua,
2549,Josiah,
2550,Josie,
2551,Joslyn,
2552,Jospeh,
2553,Josphine,
2554,Josue,
2555,Jovan,
2556,Jovita,
2557,Joy,
2558,Joya,
2559,Joyce,
2560,Joycelyn,
2561,Joye,
2562,Juan,
2563,Juan,
2564,Juana,
2565,Juanita,
2566,Jude,
2567,Jude,
2568,Judi,
2569,Judie,
2570,Judith,
2571,Judson,
2572,Judy,
2573,Jule,
2574,Julee,
2575,Julene,
2576,Jules,
2577,Juli,
2578,Julia,
2579,Julian,
2580,Julian,
2581,Juliana,
2582,Juliane,
2583,Juliann,
2584,Julianna,
2585,Julianne,
2586,Julie,
2587,Julieann,
2588,Julienne,
2589,Juliet,
2590,Julieta,
2591,Julietta,
2592,Juliette,
2593,Julio,
2594,Julio,
2595,Julissa,
2596,Julius,
2597,June,
2598,Jung,
2599,Junie,
2600,Junior,
2601,Junita,
2602,Junko,
2603,Justa,
2604,Justin,
2605,Justin,
2606,Justina,
2607,Justine,
2608,Jutta,
2609,Ka,
2610,Kacey,
2611,Kaci,
2612,Kacie,
2613,Kacy,
2614,Kai,
2615,Kaila,
2616,Kaitlin,
2617,Kaitlyn,
2618,Kala,
2619,Kaleigh,
2620,Kaley,
2621,Kali,
2622,Kallie,
2623,Kalyn,
2624,Kam,
2625,Kamala,
2626,Kami,
2627,Kamilah,
2628,Kandace,
2629,Kandi,
2630,Kandice,
2631,Kandis,
2632,Kandra,
2633,Kandy,
2634,Kanesha,
2635,Kanisha,
2636,Kara,
2637,Karan,
2638,Kareem,
2639,Kareen,
2640,Karen,
2641,Karena,
2642,Karey,
2643,Kari,
2644,Karie,
2645,Karima,
2646,Karin,
2647,Karina,
2648,Karine,
2649,Karisa,
2650,Karissa,
2651,Karl,
2652,Karl,
2653,Karla,
2654,Karleen,
2655,Karlene,
2656,Karly,
2657,Karlyn,
2658,Karma,
2659,Karmen,
2660,Karol,
2661,Karole,
2662,Karoline,
2663,Karolyn,
2664,Karon,
2665,Karren,
2666,Karri,
2667,Karrie,
2668,Karry,
2669,Kary,
2670,Karyl,
2671,Karyn,
2672,Kasandra,
2673,Kasey,
2674,Kasey,
2675,Kasha,
2676,Kasi,
2677,Kasie,
2678,Kassandra,
2679,Kassie,
2680,Kate,
2681,Katelin,
2682,Katelyn,
2683,Katelynn,
2684,Katerine,
2685,Kathaleen,
2686,Katharina,
2687,Katharine,
2688,Katharyn,
2689,Kathe,
2690,Katheleen,
2691,Katherin,
2692,Katherina,
2693,Katherine,
2694,Kathern,
2695,Katheryn,
2696,Kathey,
2697,Kathi,
2698,Kathie,
2699,Kathleen,
2700,Kathlene,
2701,Kathline,
2702,Kathlyn,
2703,Kathrin,
2704,Kathrine,
2705,Kathryn,
2706,Kathryne,
2707,Kathy,
2708,Kathyrn,
2709,Kati,
2710,Katia,
2711,Katie,
2712,Katina,
2713,Katlyn,
2714,Katrice,
2715,Katrina,
2716,Kattie,
2717,Katy,
2718,Kay,
2719,Kayce,
2720,Kaycee,
2721,Kaye,
2722,Kayla,
2723,Kaylee,
2724,Kayleen,
2725,Kayleigh,
2726,Kaylene,
2727,Kazuko,
2728,Kecia,
2729,Keeley,
2730,Keely,
2731,Keena,
2732,Keenan,
2733,Keesha,
2734,Keiko,
2735,Keila,
2736,Keira,
2737,Keisha,
2738,Keith,
2739,Keith,
2740,Keitha,
2741,Keli,
2742,Kelle,
2743,Kellee,
2744,Kelley,
2745,Kelley,
2746,Kelli,
2747,Kellie,
2748,Kelly,
2749,Kelly,
2750,Kellye,
2751,Kelsey,
2752,Kelsi,
2753,Kelsie,
2754,Kelvin,
2755,Kemberly,
2756,Ken,
2757,Kena,
2758,Kenda,
2759,Kendal,
2760,Kendall,
2761,Kendall,
2762,Kendra,
2763,Kendrick,
2764,Keneth,
2765,Kenia,
2766,Kenisha,
2767,Kenna,
2768,Kenneth,
2769,Kenneth,
2770,Kennith,
2771,Kenny,
2772,Kent,
2773,Kenton,
2774,Kenya,
2775,Kenyatta,
2776,Kenyetta,
2777,Kera,
2778,Keren,
2779,Keri,
2780,Kermit,
2781,Kerri,
2782,Kerrie,
2783,Kerry,
2784,Kerry,
2785,Kerstin,
2786,Kesha,
2787,Keshia,
2788,Keturah,
2789,Keva,
2790,Keven,
2791,Kevin,
2792,Kevin,
2793,Khadijah,
2794,Khalilah,
2795,Kia,
2796,Kiana,
2797,Kiara,
2798,Kiera,
2799,Kiersten,
2800,Kiesha,
2801,Kieth,
2802,Kiley,
2803,Kim,
2804,Kim,
2805,Kimber,
2806,Kimberely,
2807,Kimberlee,
2808,Kimberley,
2809,Kimberli,
2810,Kimberlie,
2811,Kimberly,
2812,Kimbery,
2813,Kimbra,
2814,Kimi,
2815,Kimiko,
2816,Kina,
2817,Kindra,
2818,King,
2819,Kip,
2820,Kira,
2821,Kirby,
2822,Kirby,
2823,Kirk,
2824,Kirsten,
2825,Kirstie,
2826,Kirstin,
2827,Kisha,
2828,Kit,
2829,Kittie,
2830,Kitty,
2831,Kiyoko,
2832,Kizzie,
2833,Kizzy,
2834,Klara,
2835,Korey,
2836,Kori,
2837,Kortney,
2838,Kory,
2839,Kourtney,
2840,Kraig,
2841,Kris,
2842,Kris,
2843,Krishna,
2844,Krissy,
2845,Krista,
2846,Kristal,
2847,Kristan,
2848,Kristeen,
2849,Kristel,
2850,Kristen,
2851,Kristi,
2852,Kristian,
2853,Kristie,
2854,Kristin,
2855,Kristina,
2856,Kristine,
2857,Kristle,
2858,Kristofer,
2859,Kristopher,
2860,Kristy,
2861,Kristyn,
2862,Krysta,
2863,Krystal,
2864,Krysten,
2865,Krystin,
2866,Krystina,
2867,Krystle,
2868,Krystyna,
2869,Kum,
2870,Kurt,
2871,Kurtis,
2872,Kyla,
2873,Kyle,
2874,Kyle,
2875,Kylee,
2876,Kylie,
2877,Kym,
2878,Kymberly,
2879,Kyoko,
2880,Kyong,
2881,Kyra,
2882,Kyung,
2883,Lacey,
2884,Lachelle,
2885,Laci,
2886,Lacie,
2887,Lacresha,
2888,Lacy,
2889,Lacy,
2890,Ladawn,
2891,Ladonna,
2892,Lady,
2893,Lael,
2894,Lahoma,
2895,Lai,
2896,Laila,
2897,Laine,
2898,Lajuana,
2899,Lakeesha,
2900,Lakeisha,
2901,Lakendra,
2902,Lakenya,
2903,Lakesha,
2904,Lakeshia,
2905,Lakia,
2906,Lakiesha,
2907,Lakisha,
2908,Lakita,
2909,Lala,
2910,Lamar,
2911,Lamonica,
2912,Lamont,
2913,Lan,
2914,Lana,
2915,Lance,
2916,Landon,
2917,Lane,
2918,Lane,
2919,Lanell,
2920,Lanelle,
2921,Lanette,
2922,Lang,
2923,Lani,
2924,Lanie,
2925,Lanita,
2926,Lannie,
2927,Lanny,
2928,Lanora,
2929,Laquanda,
2930,Laquita,
2931,Lara,
2932,Larae,
2933,Laraine,
2934,Laree,
2935,Larhonda,
2936,Larisa,
2937,Larissa,
2938,Larita,
2939,Laronda,
2940,Larraine,
2941,Larry,
2942,Larry,
2943,Larue,
2944,Lasandra,
2945,Lashanda,
2946,Lashandra,
2947,Lashaun,
2948,Lashaunda,
2949,Lashawn,
2950,Lashawna,
2951,Lashawnda,
2952,Lashay,
2953,Lashell,
2954,Lashon,
2955,Lashonda,
2956,Lashunda,
2957,Lasonya,
2958,Latanya,
2959,Latarsha,
2960,Latasha,
2961,Latashia,
2962,Latesha,
2963,Latia,
2964,Laticia,
2965,Latina,
2966,Latisha,
2967,Latonia,
2968,Latonya,
2969,Latoria,
2970,Latosha,
2971,Latoya,
2972,Latoyia,
2973,Latrice,
2974,Latricia,
2975,Latrina,
2976,Latrisha,
2977,Launa,
2978,Laura,
2979,Lauralee,
2980,Lauran,
2981,Laure,
2982,Laureen,
2983,Laurel,
2984,Lauren,
2985,Lauren,
2986,Laurena,
2987,Laurence,
2988,Laurence,
2989,Laurene,
2990,Lauretta,
2991,Laurette,
2992,Lauri,
2993,Laurice,
2994,Laurie,
2995,Laurinda,
2996,Laurine,
2997,Lauryn,
2998,Lavada,
2999,Lavelle,
3000,Lavenia,
3001,Lavera,
3002,Lavern,
3003,Lavern,
3004,Laverna,
3005,Laverne,
3006,Laverne,
3007,Laveta,
3008,Lavette,
3009,Lavina,
3010,Lavinia,
3011,Lavon,
3012,Lavona,
3013,Lavonda,
3014,Lavone,
3015,Lavonia,
3016,Lavonna,
3017,Lavonne,
3018,Lawana,
3019,Lawanda,
3020,Lawanna,
3021,Lawerence,
3022,Lawrence,
3023,Lawrence,
3024,Layla,
3025,Layne,
3026,Lazaro,
3027,Le,
3028,Lea,
3029,Leah,
3030,Lean,
3031,Leana,
3032,Leandra,
3033,Leandro,
3034,Leann,
3035,Leanna,
3036,Leanne,
3037,Leanora,
3038,Leatha,
3039,Leatrice,
3040,Lecia,
3041,Leda,
3042,Lee,
3043,Lee,
3044,Leeann,
3045,Leeanna,
3046,Leeanne,
3047,Leena,
3048,Leesa,
3049,Leia,
3050,Leida,
3051,Leif,
3052,Leigh,
3053,Leigh,
3054,Leigha,
3055,Leighann,
3056,Leila,
3057,Leilani,
3058,Leisa,
3059,Leisha,
3060,Lekisha,
3061,Lela,
3062,Lelah,
3063,Leland,
3064,Lelia,
3065,Lemuel,
3066,Len,
3067,Lena,
3068,Lenard,
3069,Lenita,
3070,Lenna,
3071,Lennie,
3072,Lenny,
3073,Lenora,
3074,Lenore,
3075,Leo,
3076,Leo,
3077,Leola,
3078,Leoma,
3079,Leon,
3080,Leon,
3081,Leona,
3082,Leonard,
3083,Leonarda,
3084,Leonardo,
3085,Leone,
3086,Leonel,
3087,Leonia,
3088,Leonida,
3089,Leonie,
3090,Leonila,
3091,Leonor,
3092,Leonora,
3093,Leonore,
3094,Leontine,
3095,Leopoldo,
3096,Leora,
3097,Leota,
3098,Lera,
3099,Leroy,
3100,Les,
3101,Lesa,
3102,Lesha,
3103,Lesia,
3104,Leslee,
3105,Lesley,
3106,Lesley,
3107,Lesli,
3108,Leslie,
3109,Leslie,
3110,Lessie,
3111,Lester,
3112,Lester,
3113,Leta,
3114,Letha,
3115,Leticia,
3116,Letisha,
3117,Letitia,
3118,Lettie,
3119,Letty,
3120,Levi,
3121,Lewis,
3122,Lewis,
3123,Lexie,
3124,Lezlie,
3125,Li,
3126,Lia,
3127,Liana,
3128,Liane,
3129,Lianne,
3130,Libbie,
3131,Libby,
3132,Liberty,
3133,Librada,
3134,Lida,
3135,Lidia,
3136,Lien,
3137,Lieselotte,
3138,Ligia,
3139,Lila,
3140,Lili,
3141,Lilia,
3142,Lilian,
3143,Liliana,
3144,Lilla,
3145,Lilli,
3146,Lillia,
3147,Lilliam,
3148,Lillian,
3149,Lilliana,
3150,Lillie,
3151,Lilly,
3152,Lily,
3153,Lin,
3154,Lina,
3155,Lincoln,
3156,Linda,
3157,Lindsay,
3158,Lindsay,
3159,Lindsey,
3160,Lindsey,
3161,Lindsy,
3162,Lindy,
3163,Linette,
3164,Ling,
3165,Linh,
3166,Linn,
3167,Linnea,
3168,Linnie,
3169,Lino,
3170,Linsey,
3171,Linwood,
3172,Lionel,
3173,Lisa,
3174,Lisabeth,
3175,Lisandra,
3176,Lisbeth,
3177,Lise,
3178,Lisette,
3179,Lisha,
3180,Lissa,
3181,Lissette,
3182,Lita,
3183,Livia,
3184,Liz,
3185,Liza,
3186,Lizabeth,
3187,Lizbeth,
3188,Lizeth,
3189,Lizette,
3190,Lizzette,
3191,Lizzie,
3192,Lloyd,
3193,Loan,
3194,Logan,
3195,Logan,
3196,Loida,
3197,Lois,
3198,Loise,
3199,Lola,
3200,Lolita,
3201,Loma,
3202,Lon,
3203,Lona,
3204,Londa,
3205,Long,
3206,Loni,
3207,Lonna,
3208,Lonnie,
3209,Lonnie,
3210,Lonny,
3211,Lora,
3212,Loraine,
3213,Loralee,
3214,Lore,
3215,Lorean,
3216,Loree,
3217,Loreen,
3218,Lorelei,
3219,Loren,
3220,Loren,
3221,Lorena,
3222,Lorene,
3223,Lorenza,
3224,Lorenzo,
3225,Loreta,
3226,Loretta,
3227,Lorette,
3228,Lori,
3229,Loria,
3230,Loriann,
3231,Lorie,
3232,Lorilee,
3233,Lorina,
3234,Lorinda,
3235,Lorine,
3236,Loris,
3237,Lorita,
3238,Lorna,
3239,Lorraine,
3240,Lorretta,
3241,Lorri,
3242,Lorriane,
3243,Lorrie,
3244,Lorrine,
3245,Lory,
3246,Lottie,
3247,Lou,
3248,Lou,
3249,Louann,
3250,Louanne,
3251,Louella,
3252,Louetta,
3253,Louie,
3254,Louie,
3255,Louis,
3256,Louis,
3257,Louisa,
3258,Louise,
3259,Loura,
3260,Lourdes,
3261,Lourie,
3262,Louvenia,
3263,Love,
3264,Lovella,
3265,Lovetta,
3266,Lovie,
3267,Lowell,
3268,Loyce,
3269,Loyd,
3270,Lu,
3271,Luana,
3272,Luann,
3273,Luanna,
3274,Luanne,
3275,Luba,
3276,Lucas,
3277,Luci,
3278,Lucia,
3279,Luciana,
3280,Luciano,
3281,Lucie,
3282,Lucien,
3283,Lucienne,
3284,Lucila,
3285,Lucile,
3286,Lucilla,
3287,Lucille,
3288,Lucina,
3289,Lucinda,
3290,Lucio,
3291,Lucius,
3292,Lucrecia,
3293,Lucretia,
3294,Lucy,
3295,Ludie,
3296,Ludivina,
3297,Lue,
3298,Luella,
3299,Luetta,
3300,Luigi,
3301,Luis,
3302,Luis,
3303,Luisa,
3304,Luise,
3305,Luke,
3306,Lula,
3307,Lulu,
3308,Luna,
3309,Lupe,
3310,Lupe,
3311,Lupita,
3312,Lura,
3313,Lurlene,
3314,Lurline,
3315,Luther,
3316,Luvenia,
3317,Luz,
3318,Lyda,
3319,Lydia,
3320,Lyla,
3321,Lyle,
3322,Lyman,
3323,Lyn,
3324,Lynda,
3325,Lyndia,
3326,Lyndon,
3327,Lyndsay,
3328,Lyndsey,
3329,Lynell,
3330,Lynelle,
3331,Lynetta,
3332,Lynette,
3333,Lynn,
3334,Lynn,
3335,Lynna,
3336,Lynne,
3337,Lynnette,
3338,Lynsey,
3339,Lynwood,
3340,Ma,
3341,Mabel,
3342,Mabelle,
3343,Mable,
3344,Mac,
3345,Machelle,
3346,Macie,
3347,Mack,
3348,Mackenzie,
3349,Macy,
3350,Madalene,
3351,Madaline,
3352,Madalyn,
3353,Maddie,
3354,Madelaine,
3355,Madeleine,
3356,Madelene,
3357,Madeline,
3358,Madelyn,
3359,Madge,
3360,Madie,
3361,Madison,
3362,Madlyn,
3363,Madonna,
3364,Mae,
3365,Maegan,
3366,Mafalda,
3367,Magali,
3368,Magaly,
3369,Magan,
3370,Magaret,
3371,Magda,
3372,Magdalen,
3373,Magdalena,
3374,Magdalene,
3375,Magen,
3376,Maggie,
3377,Magnolia,
3378,Mahalia,
3379,Mai,
3380,Maia,
3381,Maida,
3382,Maile,
3383,Maira,
3384,Maire,
3385,Maisha,
3386,Maisie,
3387,Major,
3388,Majorie,
3389,Makeda,
3390,Malcolm,
3391,Malcom,
3392,Malena,
3393,Malia,
3394,Malik,
3395,Malika,
3396,Malinda,
3397,Malisa,
3398,Malissa,
3399,Malka,
3400,Mallie,
3401,Mallory,
3402,Malorie,
3403,Malvina,
3404,Mamie,
3405,Mammie,
3406,Man,
3407,Man,
3408,Mana,
3409,Manda,
3410,Mandi,
3411,Mandie,
3412,Mandy,
3413,Manie,
3414,Manual,
3415,Manuel,
3416,Manuela,
3417,Many,
3418,Mao,
3419,Maple,
3420,Mara,
3421,Maragaret,
3422,Maragret,
3423,Maranda,
3424,Marc,
3425,Marcel,
3426,Marcela,
3427,Marcelene,
3428,Marcelina,
3429,Marceline,
3430,Marcelino,
3431,Marcell,
3432,Marcella,
3433,Marcelle,
3434,Marcellus,
3435,Marcelo,
3436,Marcene,
3437,Marchelle,
3438,Marci,
3439,Marcia,
3440,Marcie,
3441,Marco,
3442,Marcos,
3443,Marcus,
3444,Marcy,
3445,Mardell,
3446,Maren,
3447,Marg,
3448,Margaret,
3449,Margareta,
3450,Margarete,
3451,Margarett,
3452,Margaretta,
3453,Margarette,
3454,Margarita,
3455,Margarite,
3456,Margarito,
3457,Margart,
3458,Marge,
3459,Margene,
3460,Margeret,
3461,Margert,
3462,Margery,
3463,Marget,
3464,Margherita,
3465,Margie,
3466,Margit,
3467,Margo,
3468,Margorie,
3469,Margot,
3470,Margret,
3471,Margrett,
3472,Marguerita,
3473,Marguerite,
3474,Margurite,
3475,Margy,
3476,Marhta,
3477,Mari,
3478,Maria,
3479,Maria,
3480,Mariah,
3481,Mariam,
3482,Marian,
3483,Mariana,
3484,Marianela,
3485,Mariann,
3486,Marianna,
3487,Marianne,
3488,Mariano,
3489,Maribel,
3490,Maribeth,
3491,Marica,
3492,Maricela,
3493,Maricruz,
3494,Marie,
3495,Mariel,
3496,Mariela,
3497,Mariella,
3498,Marielle,
3499,Marietta,
3500,Mariette,
3501,Mariko,
3502,Marilee,
3503,Marilou,
3504,Marilu,
3505,Marilyn,
3506,Marilynn,
3507,Marin,
3508,Marina,
3509,Marinda,
3510,Marine,
3511,Mario,
3512,Mario,
3513,Marion,
3514,Marion,
3515,Maris,
3516,Marisa,
3517,Marisela,
3518,Marisha,
3519,Marisol,
3520,Marissa,
3521,Marita,
3522,Maritza,
3523,Marivel,
3524,Marjorie,
3525,Marjory,
3526,Mark,
3527,Mark,
3528,Marketta,
3529,Markita,
3530,Markus,
3531,Marla,
3532,Marlana,
3533,Marleen,
3534,Marlen,
3535,Marlena,
3536,Marlene,
3537,Marlin,
3538,Marlin,
3539,Marline,
3540,Marlo,
3541,Marlon,
3542,Marlyn,
3543,Marlys,
3544,Marna,
3545,Marni,
3546,Marnie,
3547,Marquerite,
3548,Marquetta,
3549,Marquis,
3550,Marquita,
3551,Marquitta,
3552,Marry,
3553,Marsha,
3554,Marshall,
3555,Marshall,
3556,Marta,
3557,Marth,
3558,Martha,
3559,Marti,
3560,Martin,
3561,Martin,
3562,Martina,
3563,Martine,
3564,Marty,
3565,Marty,
3566,Marva,
3567,Marvel,
3568,Marvella,
3569,Marvin,
3570,Marvis,
3571,Marx,
3572,Mary,
3573,Mary,
3574,Marya,
3575,Maryalice,
3576,Maryam,
3577,Maryann,
3578,Maryanna,
3579,Maryanne,
3580,Marybelle,
3581,Marybeth,
3582,Maryellen,
3583,Maryetta,
3584,Maryjane,
3585,Maryjo,
3586,Maryland,
3587,Marylee,
3588,Marylin,
3589,Maryln,
3590,Marylou,
3591,Marylouise,
3592,Marylyn,
3593,Marylynn,
3594,Maryrose,
3595,Masako,
3596,Mason,
3597,Matha,
3598,Mathew,
3599,Mathilda,
3600,Mathilde,
3601,Matilda,
3602,Matilde,
3603,Matt,
3604,Matthew,
3605,Matthew,
3606,Mattie,
3607,Maud,
3608,Maude,
3609,Maudie,
3610,Maura,
3611,Maureen,
3612,Maurice,
3613,Maurice,
3614,Mauricio,
3615,Maurine,
3616,Maurita,
3617,Mauro,
3618,Mavis,
3619,Max,
3620,Maxie,
3621,Maxima,
3622,Maximina,
3623,Maximo,
3624,Maxine,
3625,Maxwell,
3626,May,
3627,Maya,
3628,Maybell,
3629,Maybelle,
3630,Maye,
3631,Mayme,
3632,Maynard,
3633,Mayola,
3634,Mayra,
3635,Mazie,
3636,Mckenzie,
3637,Mckinley,
3638,Meagan,
3639,Meaghan,
3640,Mechelle,
3641,Meda,
3642,Mee,
3643,Meg,
3644,Megan,
3645,Meggan,
3646,Meghan,
3647,Meghann,
3648,Mei,
3649,Mel,
3650,Melaine,
3651,Melani,
3652,Melania,
3653,Melanie,
3654,Melany,
3655,Melba,
3656,Melda,
3657,Melia,
3658,Melida,
3659,Melina,
3660,Melinda,
3661,Melisa,
3662,Melissa,
3663,Melissia,
3664,Melita,
3665,Mellie,
3666,Mellisa,
3667,Mellissa,
3668,Melodee,
3669,Melodi,
3670,Melodie,
3671,Melody,
3672,Melonie,
3673,Melony,
3674,Melva,
3675,Melvin,
3676,Melvin,
3677,Melvina,
3678,Melynda,
3679,Mendy,
3680,Mercedes,
3681,Mercedez,
3682,Mercy,
3683,Meredith,
3684,Meri,
3685,Merideth,
3686,Meridith,
3687,Merilyn,
3688,Merissa,
3689,Merle,
3690,Merle,
3691,Merlene,
3692,Merlin,
3693,Merlyn,
3694,Merna,
3695,Merri,
3696,Merrie,
3697,Merrilee,
3698,Merrill,
3699,Merrill,
3700,Merry,
3701,Mertie,
3702,Mervin,
3703,Meryl,
3704,Meta,
3705,Mi,
3706,Mia,
3707,Mica,
3708,Micaela,
3709,Micah,
3710,Micah,
3711,Micha,
3712,Michael,
3713,Michael,
3714,Michaela,
3715,Michaele,
3716,Michal,
3717,Michal,
3718,Michale,
3719,Micheal,
3720,Micheal,
3721,Michel,
3722,Michel,
3723,Michele,
3724,Michelina,
3725,Micheline,
3726,Michell,
3727,Michelle,
3728,Michiko,
3729,Mickey,
3730,Mickey,
3731,Micki,
3732,Mickie,
3733,Miesha,
3734,Migdalia,
3735,Mignon,
3736,Miguel,
3737,Miguelina,
3738,Mika,
3739,Mikaela,
3740,Mike,
3741,Mike,
3742,Mikel,
3743,Miki,
3744,Mikki,
3745,Mila,
3746,Milagro,
3747,Milagros,
3748,Milan,
3749,Milda,
3750,Mildred,
3751,Miles,
3752,Milford,
3753,Milissa,
3754,Millard,
3755,Millicent,
3756,Millie,
3757,Milly,
3758,Milo,
3759,Milton,
3760,Mimi,
3761,Min,
3762,Mina,
3763,Minda,
3764,Mindi,
3765,Mindy,
3766,Minerva,
3767,Ming,
3768,Minh,
3769,Minh,
3770,Minna,
3771,Minnie,
3772,Minta,
3773,Miquel,
3774,Mira,
3775,Miranda,
3776,Mireille,
3777,Mirella,
3778,Mireya,
3779,Miriam,
3780,Mirian,
3781,Mirna,
3782,Mirta,
3783,Mirtha,
3784,Misha,
3785,Miss,
3786,Missy,
3787,Misti,
3788,Mistie,
3789,Misty,
3790,Mitch,
3791,Mitchel,
3792,Mitchell,
3793,Mitchell,
3794,Mitsue,
3795,Mitsuko,
3796,Mittie,
3797,Mitzi,
3798,Mitzie,
3799,Miyoko,
3800,Modesta,
3801,Modesto,
3802,Mohamed,
3803,Mohammad,
3804,Mohammed,
3805,Moira,
3806,Moises,
3807,Mollie,
3808,Molly,
3809,Mona,
3810,Monet,
3811,Monica,
3812,Monika,
3813,Monique,
3814,Monnie,
3815,Monroe,
3816,Monserrate,
3817,Monte,
3818,Monty,
3819,Moon,
3820,Mora,
3821,Morgan,
3822,Morgan,
3823,Moriah,
3824,Morris,
3825,Morton,
3826,Mose,
3827,Moses,
3828,Moshe,
3829,Mozell,
3830,Mozella,
3831,Mozelle,
3832,Mui,
3833,Muoi,
3834,Muriel,
3835,Murray,
3836,My,
3837,Myesha,
3838,Myles,
3839,Myong,
3840,Myra,
3841,Myriam,
3842,Myrl,
3843,Myrle,
3844,Myrna,
3845,Myron,
3846,Myrta,
3847,Myrtice,
3848,Myrtie,
3849,Myrtis,
3850,Myrtle,
3851,Myung,
3852,Na,
3853,Nada,
3854,Nadene,
3855,Nadia,
3856,Nadine,
3857,Naida,
3858,Nakesha,
3859,Nakia,
3860,Nakisha,
3861,Nakita,
3862,Nam,
3863,Nan,
3864,Nana,
3865,Nancee,
3866,Nancey,
3867,Nanci,
3868,Nancie,
3869,Nancy,
3870,Nanette,
3871,Nannette,
3872,Nannie,
3873,Naoma,
3874,Naomi,
3875,Napoleon,
3876,Narcisa,
3877,Natacha,
3878,Natalia,
3879,Natalie,
3880,Natalya,
3881,Natasha,
3882,Natashia,
3883,Nathalie,
3884,Nathan,
3885,Nathanael,
3886,Nathanial,
3887,Nathaniel,
3888,Natisha,
3889,Natividad,
3890,Natosha,
3891,Neal,
3892,Necole,
3893,Ned,
3894,Neda,
3895,Nedra,
3896,Neely,
3897,Neida,
3898,Neil,
3899,Nelda,
3900,Nelia,
3901,Nelida,
3902,Nell,
3903,Nella,
3904,Nelle,
3905,Nellie,
3906,Nelly,
3907,Nelson,
3908,Nena,
3909,Nenita,
3910,Neoma,
3911,Neomi,
3912,Nereida,
3913,Nerissa,
3914,Nery,
3915,Nestor,
3916,Neta,
3917,Nettie,
3918,Neva,
3919,Nevada,
3920,Neville,
3921,Newton,
3922,Nga,
3923,Ngan,
3924,Ngoc,
3925,Nguyet,
3926,Nia,
3927,Nichelle,
3928,Nichol,
3929,Nicholas,
3930,Nichole,
3931,Nicholle,
3932,Nick,
3933,Nicki,
3934,Nickie,
3935,Nickolas,
3936,Nickole,
3937,Nicky,
3938,Nicky,
3939,Nicol,
3940,Nicola,
3941,Nicolas,
3942,Nicolasa,
3943,Nicole,
3944,Nicolette,
3945,Nicolle,
3946,Nida,
3947,Nidia,
3948,Niesha,
3949,Nieves,
3950,Nigel,
3951,Niki,
3952,Nikia,
3953,Nikita,
3954,Nikki,
3955,Nikole,
3956,Nila,
3957,Nilda,
3958,Nilsa,
3959,Nina,
3960,Ninfa,
3961,Nisha,
3962,Nita,
3963,Noah,
3964,Noble,
3965,Nobuko,
3966,Noe,
3967,Noel,
3968,Noel,
3969,Noelia,
3970,Noella,
3971,Noelle,
3972,Noemi,
3973,Nohemi,
3974,Nola,
3975,Nolan,
3976,Noma,
3977,Nona,
3978,Nora,
3979,Norah,
3980,Norbert,
3981,Norberto,
3982,Noreen,
3983,Norene,
3984,Noriko,
3985,Norine,
3986,Norma,
3987,Norman,
3988,Norman,
3989,Normand,
3990,Norris,
3991,Nova,
3992,Novella,
3993,Nu,
3994,Nubia,
3995,Numbers,
3996,Numbers,
3997,Nydia,
3998,Nyla,
3999,Obdulia,
4000,Ocie,
4001,Octavia,
4002,Octavio,
4003,Oda,
4004,Odelia,
4005,Odell,
4006,Odell,
4007,Odessa,
4008,Odette,
4009,Odilia,
4010,Odis,
4011,Ofelia,
4012,Ok,
4013,Ola,
4014,Olen,
4015,Olene,
4016,Oleta,
4017,Olevia,
4018,Olga,
4019,Olimpia,
4020,Olin,
4021,Olinda,
4022,Oliva,
4023,Olive,
4024,Oliver,
4025,Olivia,
4026,Ollie,
4027,Ollie,
4028,Olympia,
4029,Oma,
4030,Omar,
4031,Omega,
4032,Omer,
4033,Ona,
4034,Oneida,
4035,Onie,
4036,Onita,
4037,Opal,
4038,Ophelia,
4039,Ora,
4040,Oralee,
4041,Oralia,
4042,Oren,
4043,Oretha,
4044,Orlando,
4045,Orpha,
4046,Orval,
4047,Orville,
4048,Oscar,
4049,Oscar,
4050,Ossie,
4051,Osvaldo,
4052,Oswaldo,
4053,Otelia,
4054,Otha,
4055,Otha,
4056,Otilia,
4057,Otis,
4058,Otto,
4059,Ouida,
4060,Owen,
4061,Ozell,
4062,Ozella,
4063,Ozie,
4064,Pa,
4065,Pablo,
4066,Page,
4067,Paige,
4068,Palma,
4069,Palmer,
4070,Palmira,
4071,Pam,
4072,Pamala,
4073,Pamela,
4074,Pamelia,
4075,Pamella,
4076,Pamila,
4077,Pamula,
4078,Pandora,
4079,Pansy,
4080,Paola,
4081,Paris,
4082,Paris,
4083,Parker,
4084,Parthenia,
4085,Particia,
4086,Pasquale,
4087,Pasty,
4088,Pat,
4089,Pat,
4090,Patience,
4091,Patria,
4092,Patrica,
4093,Patrice,
4094,Patricia,
4095,Patricia,
4096,Patrick,
4097,Patrick,
4098,Patrina,
4099,Patsy,
4100,Patti,
4101,Pattie,
4102,Patty,
4103,Paul,
4104,Paul,
4105,Paula,
4106,Paulene,
4107,Pauletta,
4108,Paulette,
4109,Paulina,
4110,Pauline,
4111,Paulita,
4112,Paz,
4113,Pearl,
4114,Pearle,
4115,Pearlene,
4116,Pearlie,
4117,Pearline,
4118,Pearly,
4119,Pedro,
4120,Peg,
4121,Peggie,
4122,Peggy,
4123,Pei,
4124,Penelope,
4125,Penney,
4126,Penni,
4127,Pennie,
4128,Penny,
4129,Percy,
4130,Perla,
4131,Perry,
4132,Perry,
4133,Pete,
4134,Peter,
4135,Peter,
4136,Petra,
4137,Petrina,
4138,Petronila,
4139,Phebe,
4140,Phil,
4141,Philip,
4142,Phillip,
4143,Phillis,
4144,Philomena,
4145,Phoebe,
4146,Phung,
4147,Phuong,
4148,Phylicia,
4149,Phylis,
4150,Phyliss,
4151,Phyllis,
4152,Pia,
4153,Piedad,
4154,Pierre,
4155,Pilar,
4156,Ping,
4157,Pinkie,
4158,Piper,
4159,Pok,
4160,Polly,
4161,Porfirio,
4162,Porsche,
4163,Porsha,
4164,Porter,
4165,Portia,
4166,Precious,
4167,Preston,
4168,Pricilla,
4169,Prince,
4170,Princess,
4171,Priscila,
4172,Priscilla,
4173,Providencia,
4174,Prudence,
4175,Pura,
4176,Qiana,
4177,Queen,
4178,Queenie,
4179,Quentin,
4180,Quiana,
4181,Quincy,
4182,Quinn,
4183,Quinn,
4184,Quintin,
4185,Quinton,
4186,Quyen,
4187,Rachael,
4188,Rachal,
4189,Racheal,
4190,Rachel,
4191,Rachele,
4192,Rachell,
4193,Rachelle,
4194,Racquel,
4195,Rae,
4196,Raeann,
4197,Raelene,
4198,Rafael,
4199,Rafaela,
4200,Raguel,
4201,Raina,
4202,Raisa,
4203,Raleigh,
4204,Ralph,
4205,Ramiro,
4206,Ramon,
4207,Ramona,
4208,Ramonita,
4209,Rana,
4210,Ranae,
4211,Randa,
4212,Randal,
4213,Randall,
4214,Randee,
4215,Randell,
4216,Randi,
4217,Randolph,
4218,Randy,
4219,Randy,
4220,Ranee,
4221,Raphael,
4222,Raquel,
4223,Rashad,
4224,Rasheeda,
4225,Rashida,
4226,Raul,
4227,Raven,
4228,Ray,
4229,Ray,
4230,Raye,
4231,Rayford,
4232,Raylene,
4233,Raymon,
4234,Raymond,
4235,Raymond,
4236,Raymonde,
4237,Raymundo,
4238,Rayna,
4239,Rea,
4240,Reagan,
4241,Reanna,
4242,Reatha,
4243,Reba,
4244,Rebbeca,
4245,Rebbecca,
4246,Rebeca,
4247,Rebecca,
4248,Rebecka,
4249,Rebekah,
4250,Reda,
4251,Reed,
4252,Reena,
4253,Refugia,
4254,Refugio,
4255,Refugio,
4256,Regan,
4257,Regena,
4258,Regenia,
4259,Reggie,
4260,Regina,
4261,Reginald,
4262,Regine,
4263,Reginia,
4264,Reid,
4265,Reiko,
4266,Reina,
4267,Reinaldo,
4268,Reita,
4269,Rema,
4270,Remedios,
4271,Remona,
4272,Rena,
4273,Renae,
4274,Renaldo,
4275,Renata,
4276,Renate,
4277,Renato,
4278,Renay,
4279,Renda,
4280,Rene,
4281,Rene,
4282,Renea,
4283,Renee,
4284,Renetta,
4285,Renita,
4286,Renna,
4287,Ressie,
4288,Reta,
4289,Retha,
4290,Retta,
4291,Reuben,
4292,Reva,
4293,Rex,
4294,Rey,
4295,Reyes,
4296,Reyna,
4297,Reynalda,
4298,Reynaldo,
4299,Rhea,
4300,Rheba,
4301,Rhett,
4302,Rhiannon,
4303,Rhoda,
4304,Rhona,
4305,Rhonda,
4306,Ria,
4307,Ricarda,
4308,Ricardo,
4309,Rich,
4310,Richard,
4311,Richard,
4312,Richelle,
4313,Richie,
4314,Rick,
4315,Rickey,
4316,Ricki,
4317,Rickie,
4318,Rickie,
4319,Ricky,
4320,Rico,
4321,Rigoberto,
4322,Rikki,
4323,Riley,
4324,Rima,
4325,Rina,
4326,Risa,
4327,Rita,
4328,Riva,
4329,Rivka,
4330,Rob,
4331,Robbi,
4332,Robbie,
4333,Robbie,
4334,Robbin,
4335,Robby,
4336,Robbyn,
4337,Robena,
4338,Robert,
4339,Robert,
4340,Roberta,
4341,Roberto,
4342,Roberto,
4343,Robin,
4344,Robin,
4345,Robt,
4346,Robyn,
4347,Rocco,
4348,Rochel,
4349,Rochell,
4350,Rochelle,
4351,Rocio,
4352,Rocky,
4353,Rod,
4354,Roderick,
4355,Rodger,
4356,Rodney,
4357,Rodolfo,
4358,Rodrick,
4359,Rodrigo,
4360,Rogelio,
4361,Roger,
4362,Roland,
4363,Rolanda,
4364,Rolande,
4365,Rolando,
4366,Rolf,
4367,Rolland,
4368,Roma,
4369,Romaine,
4370,Roman,
4371,Romana,
4372,Romelia,
4373,Romeo,
4374,Romona,
4375,Ron,
4376,Rona,
4377,Ronald,
4378,Ronald,
4379,Ronda,
4380,Roni,
4381,Ronna,
4382,Ronni,
4383,Ronnie,
4384,Ronnie,
4385,Ronny,
4386,Roosevelt,
4387,Rory,
4388,Rory,
4389,Rosa,
4390,Rosalba,
4391,Rosalee,
4392,Rosalia,
4393,Rosalie,
4394,Rosalina,
4395,Rosalind,
4396,Rosalinda,
4397,Rosaline,
4398,Rosalva,
4399,Rosalyn,
4400,Rosamaria,
4401,Rosamond,
4402,Rosana,
4403,Rosann,
4404,Rosanna,
4405,Rosanne,
4406,Rosaria,
4407,Rosario,
4408,Rosario,
4409,Rosaura,
4410,Roscoe,
4411,Rose,
4412,Roseann,
4413,Roseanna,
4414,Roseanne,
4415,Roselee,
4416,Roselia,
4417,Roseline,
4418,Rosella,
4419,Roselle,
4420,Roselyn,
4421,Rosemarie,
4422,Rosemary,
4423,Rosena,
4424,Rosenda,
4425,Rosendo,
4426,Rosetta,
4427,Rosette,
4428,Rosia,
4429,Rosie,
4430,Rosina,
4431,Rosio,
4432,Rosita,
4433,Roslyn,
4434,Ross,
4435,Rossana,
4436,Rossie,
4437,Rosy,
4438,Rowena,
4439,Roxana,
4440,Roxane,
4441,Roxann,
4442,Roxanna,
4443,Roxanne,
4444,Roxie,
4445,Roxy,
4446,Roy,
4447,Roy,
4448,Royal,
4449,Royce,
4450,Royce,
4451,Rozanne,
4452,Rozella,
4453,Ruben,
4454,Rubi,
4455,Rubie,
4456,Rubin,
4457,Ruby,
4458,Rubye,
4459,Rudolf,
4460,Rudolph,
4461,Rudy,
4462,Rudy,
4463,Rueben,
4464,Rufina,
4465,Rufus,
4466,Rupert,
4467,Russ,
4468,Russel,
4469,Russell,
4470,Russell,
4471,Rusty,
4472,Ruth,
4473,Rutha,
4474,Ruthann,
4475,Ruthanne,
4476,Ruthe,
4477,Ruthie,
4478,Ryan,
4479,Ryan,
4480,Ryann,
4481,Sabina,
4482,Sabine,
4483,Sabra,
4484,Sabrina,
4485,Sacha,
4486,Sachiko,
4487,Sade,
4488,Sadie,
4489,Sadye,
4490,Sage,
4491,Sal,
4492,Salena,
4493,Salina,
4494,Salley,
4495,Sallie,
4496,Sally,
4497,Salome,
4498,Salvador,
4499,Salvatore,
4500,Sam,
4501,Sam,
4502,Samantha,
4503,Samara,
4504,Samatha,
4505,Samella,
4506,Samira,
4507,Sammie,
4508,Sammie,
4509,Sammy,
4510,Sammy,
4511,Samual,
4512,Samuel,
4513,Samuel,
4514,Sana,
4515,Sanda,
4516,Sandee,
4517,Sandi,
4518,Sandie,
4519,Sandra,
4520,Sandy,
4521,Sandy,
4522,Sanford,
4523,Sang,
4524,Sang,
4525,Sanjuana,
4526,Sanjuanita,
4527,Sanora,
4528,Santa,
4529,Santana,
4530,Santiago,
4531,Santina,
4532,Santo,
4533,Santos,
4534,Santos,
4535,Sara,
4536,Sarah,
4537,Sarai,
4538,Saran,
4539,Sari,
4540,Sarina,
4541,Sarita,
4542,Sasha,
4543,Saturnina,
4544,Sau,
4545,Saul,
4546,Saundra,
4547,Savanna,
4548,Savannah,
4549,Scarlet,
4550,Scarlett,
4551,Scot,
4552,Scott,
4553,Scott,
4554,Scottie,
4555,Scottie,
4556,Scotty,
4557,Sean,
4558,Sean,
4559,Season,
4560,Sebastian,
4561,Sebrina,
4562,See,
4563,Seema,
4564,Selena,
4565,Selene,
4566,Selina,
4567,Selma,
4568,Sena,
4569,Senaida,
4570,September,
4571,Serafina,
4572,Serena,
4573,Sergio,
4574,Serina,
4575,Serita,
4576,Seth,
4577,Setsuko,
4578,Seymour,
4579,Sha,
4580,Shad,
4581,Shae,
4582,Shaina,
4583,Shakia,
4584,Shakira,
4585,Shakita,
4586,Shala,
4587,Shalanda,
4588,Shalon,
4589,Shalonda,
4590,Shameka,
4591,Shamika,
4592,Shan,
4593,Shana,
4594,Shanae,
4595,Shanda,
4596,Shandi,
4597,Shandra,
4598,Shane,
4599,Shane,
4600,Shaneka,
4601,Shanel,
4602,Shanell,
4603,Shanelle,
4604,Shani,
4605,Shanice,
4606,Shanika,
4607,Shaniqua,
4608,Shanita,
4609,Shanna,
4610,Shannan,
4611,Shannon,
4612,Shannon,
4613,Shanon,
4614,Shanta,
4615,Shantae,
4616,Shantay,
4617,Shante,
4618,Shantel,
4619,Shantell,
4620,Shantelle,
4621,Shanti,
4622,Shaquana,
4623,Shaquita,
4624,Shara,
4625,Sharan,
4626,Sharda,
4627,Sharee,
4628,Sharell,
4629,Sharen,
4630,Shari,
4631,Sharice,
4632,Sharie,
4633,Sharika,
4634,Sharilyn,
4635,Sharita,
4636,Sharla,
4637,Sharleen,
4638,Sharlene,
4639,Sharmaine,
4640,Sharolyn,
4641,Sharon,
4642,Sharonda,
4643,Sharri,
4644,Sharron,
4645,Sharyl,
4646,Sharyn,
4647,Shasta,
4648,Shaun,
4649,Shaun,
4650,Shauna,
4651,Shaunda,
4652,Shaunna,
4653,Shaunta,
4654,Shaunte,
4655,Shavon,
4656,Shavonda,
4657,Shavonne,
4658,Shawana,
4659,Shawanda,
4660,Shawanna,
4661,Shawn,
4662,Shawn,
4663,Shawna,
4664,Shawnda,
4665,Shawnee,
4666,Shawnna,
4667,Shawnta,
4668,Shay,
4669,Shayla,
4670,Shayna,
4671,Shayne,
4672,Shayne,
4673,Shea,
4674,Sheba,
4675,Sheena,
4676,Sheila,
4677,Sheilah,
4678,Shela,
4679,Shelba,
4680,Shelby,
4681,Shelby,
4682,Sheldon,
4683,Shelia,
4684,Shella,
4685,Shelley,
4686,Shelli,
4687,Shellie,
4688,Shelly,
4689,Shelton,
4690,Shemeka,
4691,Shemika,
4692,Shena,
4693,Shenika,
4694,Shenita,
4695,Shenna,
4696,Shera,
4697,Sheree,
4698,Sherell,
4699,Sheri,
4700,Sherice,
4701,Sheridan,
4702,Sherie,
4703,Sherika,
4704,Sherill,
4705,Sherilyn,
4706,Sherise,
4707,Sherita,
4708,Sherlene,
4709,Sherley,
4710,Sherly,
4711,Sherlyn,
4712,Sherman,
4713,Sheron,
4714,Sherrell,
4715,Sherri,
4716,Sherrie,
4717,Sherril,
4718,Sherrill,
4719,Sherron,
4720,Sherry,
4721,Sherryl,
4722,Sherwood,
4723,Shery,
4724,Sheryl,
4725,Sheryll,
4726,Shiela,
4727,Shila,
4728,Shiloh,
4729,Shin,
4730,Shira,
4731,Shirely,
4732,Shirl,
4733,Shirlee,
4734,Shirleen,
4735,Shirlene,
4736,Shirley,
4737,Shirley,
4738,Shirly,
4739,Shizue,
4740,Shizuko,
4741,Shon,
4742,Shona,
4743,Shonda,
4744,Shondra,
4745,Shonna,
4746,Shonta,
4747,Shoshana,
4748,Shu,
4749,Shyla,
4750,Sibyl,
4751,Sid,
4752,Sidney,
4753,Sidney,
4754,Sierra,
4755,Signe,
4756,Sigrid,
4757,Silas,
4758,Silva,
4759,Silvana,
4760,Silvia,
4761,Sima,
4762,Simon,
4763,Simona,
4764,Simone,
4765,Simonne,
4766,Sina,
4767,Sindy,
4768,Siobhan,
4769,Sirena,
4770,Siu,
4771,Sixta,
4772,Skye,
4773,Slyvia,
4774,So,
4775,Socorro,
4776,Sofia,
4777,Soila,
4778,Sol,
4779,Sol,
4780,Solange,
4781,Soledad,
4782,Solomon,
4783,Somer,
4784,Sommer,
4785,Son,
4786,Son,
4787,Sona,
4788,Sondra,
4789,Song,
4790,Sonia,
4791,Sonja,
4792,Sonny,
4793,Sonya,
4794,Soo,
4795,Sook,
4796,Soon,
4797,Sophia,
4798,Sophie,
4799,Soraya,
4800,Sparkle,
4801,Spencer,
4802,Spring,
4803,Stacee,
4804,Stacey,
4805,Stacey,
4806,Staci,
4807,Stacia,
4808,Stacie,
4809,Stacy,
4810,Stacy,
4811,Stan,
4812,Stanford,
4813,Stanley,
4814,Stanton,
4815,Star,
4816,Starla,
4817,Starr,
4818,Stasia,
4819,Stefan,
4820,Stefani,
4821,Stefania,
4822,Stefanie,
4823,Stefany,
4824,Steffanie,
4825,Stella,
4826,Stepanie,
4827,Stephaine,
4828,Stephan,
4829,Stephane,
4830,Stephani,
4831,Stephania,
4832,Stephanie,
4833,Stephany,
4834,Stephen,
4835,Stephen,
4836,Stephenie,
4837,Stephine,
4838,Stephnie,
4839,Sterling,
4840,Steve,
4841,Steven,
4842,Steven,
4843,Stevie,
4844,Stevie,
4845,Stewart,
4846,Stormy,
4847,Stuart,
4848,Su,
4849,Suanne,
4850,Sudie,
4851,Sue,
4852,Sueann,
4853,Suellen,
4854,Suk,
4855,Sulema,
4856,Sumiko,
4857,Summer,
4858,Sun,
4859,Sunday,
4860,Sung,
4861,Sung,
4862,Sunni,
4863,Sunny,
4864,Sunshine,
4865,Susan,
4866,Susana,
4867,Susann,
4868,Susanna,
4869,Susannah,
4870,Susanne,
4871,Susie,
4872,Susy,
4873,Suzan,
4874,Suzann,
4875,Suzanna,
4876,Suzanne,
4877,Suzette,
4878,Suzi,
4879,Suzie,
4880,Suzy,
4881,Svetlana,
4882,Sybil,
4883,Syble,
4884,Sydney,
4885,Sydney,
4886,Sylvester,
4887,Sylvia,
4888,Sylvie,
4889,Synthia,
4890,Syreeta,
4891,Ta,
4892,Tabatha,
4893,Tabetha,
4894,Tabitha,
4895,Tad,
4896,Tai,
4897,Taina,
4898,Taisha,
4899,Tajuana,
4900,Takako,
4901,Takisha,
4902,Talia,
4903,Talisha,
4904,Talitha,
4905,Tam,
4906,Tama,
4907,Tamala,
4908,Tamar,
4909,Tamara,
4910,Tamatha,
4911,Tambra,
4912,Tameika,
4913,Tameka,
4914,Tamekia,
4915,Tamela,
4916,Tamera,
4917,Tamesha,
4918,Tami,
4919,Tamica,
4920,Tamie,
4921,Tamika,
4922,Tamiko,
4923,Tamisha,
4924,Tammara,
4925,Tammera,
4926,Tammi,
4927,Tammie,
4928,Tammy,
4929,Tamra,
4930,Tana,
4931,Tandra,
4932,Tandy,
4933,Taneka,
4934,Tanesha,
4935,Tangela,
4936,Tania,
4937,Tanika,
4938,Tanisha,
4939,Tanja,
4940,Tanna,
4941,Tanner,
4942,Tanya,
4943,Tara,
4944,Tarah,
4945,Taren,
4946,Tari,
4947,Tarra,
4948,Tarsha,
4949,Taryn,
4950,Tasha,
4951,Tashia,
4952,Tashina,
4953,Tasia,
4954,Tatiana,
4955,Tatum,
4956,Tatyana,
4957,Taunya,
4958,Tawana,
4959,Tawanda,
4960,Tawanna,
4961,Tawna,
4962,Tawny,
4963,Tawnya,
4964,Taylor,
4965,Taylor,
4966,Tayna,
4967,Ted,
4968,Teddy,
4969,Teena,
4970,Tegan,
4971,Teisha,
4972,Telma,
4973,Temeka,
4974,Temika,
4975,Tempie,
4976,Temple,
4977,Tena,
4978,Tenesha,
4979,Tenisha,
4980,Tennie,
4981,Tennille,
4982,Teodora,
4983,Teodoro,
4984,Teofila,
4985,Tequila,
4986,Tera,
4987,Tereasa,
4988,Terence,
4989,Teresa,
4990,Terese,
4991,Teresia,
4992,Teresita,
4993,Teressa,
4994,Teri,
4995,Terica,
4996,Terina,
4997,Terisa,
4998,Terra,
4999,Terrance,
5000,Terrell,
5001,Terrell,
5002,Terrence,
5003,Terresa,
5004,Terri,
5005,Terrie,
5006,Terrilyn,
5007,Terry,
5008,Terry,
5009,Tesha,
5010,Tess,
5011,Tessa,
5012,Tessie,
5013,Thad,
5014,Thaddeus,
5015,Thalia,
5016,Thanh,
5017,Thanh,
5018,Thao,
5019,Thea,
5020,Theda,
5021,Thelma,
5022,Theo,
5023,Theo,
5024,Theodora,
5025,Theodore,
5026,Theola,
5027,Theresa,
5028,Therese,
5029,Theresia,
5030,Theressa,
5031,Theron,
5032,Thersa,
5033,Thi,
5034,Thomas,
5035,Thomas,
5036,Thomasena,
5037,Thomasina,
5038,Thomasine,
5039,Thora,
5040,Thresa,
5041,Thu,
5042,Thurman,
5043,Thuy,
5044,Tia,
5045,Tiana,
5046,Tianna,
5047,Tiara,
5048,Tien,
5049,Tiera,
5050,Tierra,
5051,Tiesha,
5052,Tifany,
5053,Tiffaney,
5054,Tiffani,
5055,Tiffanie,
5056,Tiffany,
5057,Tiffiny,
5058,Tijuana,
5059,Tilda,
5060,Tillie,
5061,Tim,
5062,Timika,
5063,Timmy,
5064,Timothy,
5065,Timothy,
5066,Tina,
5067,Tinisha,
5068,Tiny,
5069,Tisa,
5070,Tish,
5071,Tisha,
5072,Titus,
5073,Tobi,
5074,Tobias,
5075,Tobie,
5076,Toby,
5077,Toby,
5078,Toccara,
5079,Tod,
5080,Todd,
5081,Toi,
5082,Tom,
5083,Tomas,
5084,Tomasa,
5085,Tomeka,
5086,Tomi,
5087,Tomika,
5088,Tomiko,
5089,Tommie,
5090,Tommie,
5091,Tommy,
5092,Tommy,
5093,Tommye,
5094,Tomoko,
5095,Tona,
5096,Tonda,
5097,Tonette,
5098,Toney,
5099,Toni,
5100,Tonia,
5101,Tonie,
5102,Tonisha,
5103,Tonita,
5104,Tonja,
5105,Tony,
5106,Tony,
5107,Tonya,
5108,Tora,
5109,Tori,
5110,Torie,
5111,Torri,
5112,Torrie,
5113,Tory,
5114,Tory,
5115,Tosha,
5116,Toshia,
5117,Toshiko,
5118,Tova,
5119,Towanda,
5120,Toya,
5121,Tracee,
5122,Tracey,
5123,Tracey,
5124,Traci,
5125,Tracie,
5126,Tracy,
5127,Tracy,
5128,Tran,
5129,Trang,
5130,Travis,
5131,Travis,
5132,Treasa,
5133,Treena,
5134,Trena,
5135,Trent,
5136,Trenton,
5137,Tresa,
5138,Tressa,
5139,Tressie,
5140,Treva,
5141,Trevor,
5142,Trey,
5143,Tricia,
5144,Trina,
5145,Trinh,
5146,Trinidad,
5147,Trinidad,
5148,Trinity,
5149,Trish,
5150,Trisha,
5151,Trista,
5152,Tristan,
5153,Tristan,
5154,Troy,
5155,Troy,
5156,Trudi,
5157,Trudie,
5158,Trudy,
5159,Trula,
5160,Truman,
5161,Tu,
5162,Tuan,
5163,Tula,
5164,Tuyet,
5165,Twana,
5166,Twanda,
5167,Twanna,
5168,Twila,
5169,Twyla,
5170,Ty,
5171,Tyesha,
5172,Tyisha,
5173,Tyler,
5174,Tyler,
5175,Tynisha,
5176,Tyra,
5177,Tyree,
5178,Tyrell,
5179,Tyron,
5180,Tyrone,
5181,Tyson,
5182,Ula,
5183,Ulrike,
5184,Ulysses,
5185,Un,
5186,Una,
5187,Ursula,
5188,Usha,
5189,Ute,
5190,Vada,
5191,Val,
5192,Val,
5193,Valarie,
5194,Valda,
5195,Valencia,
5196,Valene,
5197,Valentin,
5198,Valentina,
5199,Valentine,
5200,Valentine,
5201,Valeri,
5202,Valeria,
5203,Valerie,
5204,Valery,
5205,Vallie,
5206,Valorie,
5207,Valrie,
5208,Van,
5209,Van,
5210,Vance,
5211,Vanda,
5212,Vanesa,
5213,Vanessa,
5214,Vanetta,
5215,Vania,
5216,Vanita,
5217,Vanna,
5218,Vannesa,
5219,Vannessa,
5220,Vashti,
5221,Vasiliki,
5222,Vaughn,
5223,Veda,
5224,Velda,
5225,Velia,
5226,Vella,
5227,Velma,
5228,Velva,
5229,Velvet,
5230,Vena,
5231,Venessa,
5232,Venetta,
5233,Venice,
5234,Venita,
5235,Vennie,
5236,Venus,
5237,Veola,
5238,Vera,
5239,Verda,
5240,Verdell,
5241,Verdie,
5242,Verena,
5243,Vergie,
5244,Verla,
5245,Verlene,
5246,Verlie,
5247,Verline,
5248,Vern,
5249,Verna,
5250,Vernell,
5251,Vernetta,
5252,Vernia,
5253,Vernice,
5254,Vernie,
5255,Vernita,
5256,Vernon,
5257,Vernon,
5258,Verona,
5259,Veronica,
5260,Veronika,
5261,Veronique,
5262,Versie,
5263,Vertie,
5264,Vesta,
5265,Veta,
5266,Vi,
5267,Vicenta,
5268,Vicente,
5269,Vickey,
5270,Vicki,
5271,Vickie,
5272,Vicky,
5273,Victor,
5274,Victor,
5275,Victoria,
5276,Victorina,
5277,Vida,
5278,Viki,
5279,Vikki,
5280,Vilma,
5281,Vina,
5282,Vince,
5283,Vincent,
5284,Vincenza,
5285,Vincenzo,
5286,Vinita,
5287,Vinnie,
5288,Viola,
5289,Violet,
5290,Violeta,
5291,Violette,
5292,Virgen,
5293,Virgie,
5294,Virgil,
5295,Virgil,
5296,Virgilio,
5297,Virgina,
5298,Virginia,
5299,Vita,
5300,Vito,
5301,Viva,
5302,Vivan,
5303,Vivian,
5304,Viviana,
5305,Vivien,
5306,Vivienne,
5307,Von,
5308,Voncile,
5309,Vonda,
5310,Vonnie,
5311,Wade,
5312,Wai,
5313,Waldo,
5314,Walker,
5315,Wallace,
5316,Wally,
5317,Walter,
5318,Walter,
5319,Walton,
5320,Waltraud,
5321,Wan,
5322,Wanda,
5323,Waneta,
5324,Wanetta,
5325,Wanita,
5326,Ward,
5327,Warner,
5328,Warren,
5329,Wava,
5330,Waylon,
5331,Wayne,
5332,Wei,
5333,Weldon,
5334,Wen,
5335,Wendell,
5336,Wendi,
5337,Wendie,
5338,Wendolyn,
5339,Wendy,
5340,Wenona,
5341,Werner,
5342,Wes,
5343,Wesley,
5344,Wesley,
5345,Weston,
5346,Whitley,
5347,Whitney,
5348,Whitney,
5349,Wilber,
5350,Wilbert,
5351,Wilbur,
5352,Wilburn,
5353,Wilda,
5354,Wiley,
5355,Wilford,
5356,Wilfred,
5357,Wilfredo,
5358,Wilhelmina,
5359,Wilhemina,
5360,Will,
5361,Willa,
5362,Willard,
5363,Willena,
5364,Willene,
5365,Willetta,
5366,Willette,
5367,Willia,
5368,William,
5369,William,
5370,Williams,
5371,Willian,
5372,Willie,
5373,Willie,
5374,Williemae,
5375,Willis,
5376,Willodean,
5377,Willow,
5378,Willy,
5379,Wilma,
5380,Wilmer,
5381,Wilson,
5382,Wilton,
5383,Windy,
5384,Winford,
5385,Winfred,
5386,Winifred,
5387,Winnie,
5388,Winnifred,
5389,Winona,
5390,Winston,
5391,Winter,
5392,Wm,
5393,Wonda,
5394,Woodrow,
5395,Wyatt,
5396,Wynell,
5397,Wynona,
5398,Xavier,
5399,Xenia,
5400,Xiao,
5401,Xiomara,
5402,Xochitl,
5403,Xuan,
5404,Yadira,
5405,Yaeko,
5406,Yael,
5407,Yahaira,
5408,Yajaira,
5409,Yan,
5410,Yang,
5411,Yanira,
5412,Yasmin,
5413,Yasmine,
5414,Yasuko,
5415,Yee,
5416,Yelena,
5417,Yen,
5418,Yer,
5419,Yesenia,
5420,Yessenia,
5421,Yetta,
5422,Yevette,
5423,Yi,
5424,Ying,
5425,Yoko,
5426,Yolanda,
5427,Yolande,
5428,Yolando,
5429,Yolonda,
5430,Yon,
5431,Yong,
5432,Yong,
5433,Yoshie,
5434,Yoshiko,
5435,Youlanda,
5436,Young,
5437,Young,
5438,Yu,
5439,Yuette,
5440,Yuk,
5441,Yuki,
5442,Yukiko,
5443,Yuko,
5444,Yulanda,
5445,Yun,
5446,Yung,
5447,Yuonne,
5448,Yuri,
5449,Yuriko,
5450,Yvette,
5451,Yvone,
5452,Yvonne,
5453,Zachariah,
5454,Zachary,
5455,Zachery,
5456,Zack,
5457,Zackary,
5458,Zada,
5459,Zaida,
5460,Zana,
5461,Zandra,
5462,Zane,
5463,Zelda,
5464,Zella,
5465,Zelma,
5466,Zena,
5467,Zenaida,
5468,Zenia,
5469,Zenobia,
5470,Zetta,
5471,Zina,
5472,Zita,
5473,Zoe,
5474,Zofia,
5475,Zoila,
5476,Zola,
5477,Zona,
5478,Zonia,
5479,Zora,
5480,Zoraida,
5481,Zula,
5482,Zulema,
5483,Zulma