ID,CODE,description,
1,39634-1,Brain Scan static limited,
2,43570-1,Hand X-ray portable,
3,42697-3,Lower leg - bilateral MRI W and WO contrast IV,
4,44233-5,Kidney - bilateral Scan W and WO Tc-99m DTPA IV,
5,25055-5,Unspecified body region MRI additional sequence,
6,25006-8,Thumb X-ray,
7,36947-0,Foot - bilateral X-ray 3 views standing,
8,24694-2,Face MRI W and WO contrast IV,
9,43473-8,Fluoroscopy Guidance for endoscopy of Biliary ducts and Pancreatic duct-- 2 hours post contrast retrograde,
10,39744-8,Prostate Scan W Tc-99m capromab pendatide IV,
11,39421-3,Lower extremity artery - bilateral US.doppler,
12,44159-2,US Guidance for fine needle aspiration of Kidney,
13,36773-0,Temporal bone CT,
14,39845-3,Scan whole body W In-111 Satumomab IV,
15,30884-1,Sacrum X-ray,
16,42175-0,Scan whole body,
17,24653-8,Chest X-ray AP and AP right lateral-decubitus,
18,37288-8,Spine Lumbosacral Junction CT WO contrast,
19,36779-7,Ovary MRI,
20,37508-9,Thoracic Spine vessels MRI angiogram W and WO contrast IV,
21,37001-5,Foot X-ray lateral standing,
22,69262-4,Shoulder - right X-ray AP and Grashey and axillary,
23,39643-2,Brain veins Scan,
24,26173-5,Zygomatic arch - left X-ray,
25,36222-8,Knee CT W contrast IV,
26,69122-0,Fluoroscopy Guidance for abscess drainage of Pancreas,
27,39756-2,Thyroid Scan W Tc-99m Sestamibi IV,
28,36650-0,Elbow - left X-ray 2 views,
29,37082-5,Shoulder - left X-ray AP and axillary and outlet,
30,26221-2,Elbow - left MRI,
31,44189-9,Sacroiliac Joint X-ray GE 3 views,
32,36813-4,Abdomen and Pelvis CT W contrast IV,
33,42292-3,SPECT for tumor W Tl-201 IV,
34,39340-5,Spine Lumbar X-ray lateral standing and W flexion and W extension,
35,36208-7,Upper arm MRI W contrast IV,
36,36135-2,Ankle CT W contrast IV,
37,42776-5,AV shunt Scan,
38,37249-0,Temporomandibular joint - right MRI W contrast IV,
39,24740-3,Internal auditory canal and Posterior fossa MRI W and WO contrast IV,
40,37729-1,Hip - right X-ray lateral frog,
41,36873-8,Orbit - left MRI WO contrast,
42,41826-9,Elbow - left X-ray limited,
43,26164-4,Tibia - left and Fibula - left X-ray,
44,35960-4,Clavicle CT,
45,30816-3,Peritoneum Fluoroscopic angiogram W contrast percutaneous,
46,24593-6,Head vessels MRI angiogram W contrast IV,
47,36508-0,Knee - left MRI WO contrast,
48,39661-4,Heart Scan at rest and W dobutamine and W radionuclide IV,
49,36563-5,Hand X-ray Single view,
50,36157-6,Elbow CT W contrast IV,
51,46389-3,Elbow - bilateral X-ray and radial head capitellar,
52,69142-8,Knee - left X-ray 2 views and Sunrise,
53,43671-7,Thyroid Scan spot,
54,48695-1,Skull.base X-ray Single view,
55,39647-3,Heart SPECT W Tc-99m Tetrofosmin IV,
56,69312-7,Humerus - left X-ray Single view,
57,30714-0,Spine Thoracic and Lumbar X-ray scoliosis AP,
58,38058-4,Breast implant - right MRI,
59,37868-7,Skull X-ray 4 views,
60,44232-7,Kidney - bilateral Scan W and WO Tc-99m Mertiatide IV,
61,39924-6,Heart Scan gated at rest and W stress and W radionuclide IV,
62,36780-5,Toe MRI,
63,41796-4,Deprecated Gastrointestine upper Fluoroscopy & AP W contrast PO,
64,37619-4,Pelvis X-ray AP and Judet,
65,38024-6,US Guidance for core needle biopsy of Unspecified body region,
66,42134-7,US Guidance for aspiration of Thyroid,
67,36127-9,Knee - right MRI W contrast intraarticular,
68,69281-4,Chest US limited,
69,24587-8,Brain MRI W and WO contrast IV,
70,37752-3,Knee - right X-ray Rosenberg standing,
71,43509-9,Axilla - left MRI W and WO contrast IV,
72,39057-5,Pulmonary artery Fluoroscopic angiogram W contrast IA,
73,36287-1,Elbow - right CT W and WO contrast IV,
74,36016-4,Hip - bilateral CT,
75,36184-0,Foot - right MRI W contrast IV,
76,24913-6,Sinuses CT limited,
77,36124-6,Knee CT W contrast intraarticular,
78,38023-8,US Guidance for core needle percutaneous biopsy of Breast - left,
79,36877-9,Neck veins MRI angiogram WO contrast,
80,36190-7,Forearm - right MRI W contrast IV,
81,42680-9,Breast Mammogram XCCL,
82,36703-7,Hip - bilateral X-ray AP and lateral,
83,42263-4,Spleen Scan flow,
84,69198-0,MRI Guidance for needle biopsy of Muscle,
85,36837-3,Temporal bone CT W and WO contrast IV,
86,38777-9,Elbow - right X-ray Jones,
87,24911-0,Shunt Fluoroscopy,
88,72255-3,Aorta and Femoral artery - bilateral CT angiogram W contrast IV,
89,36280-6,Calcaneus - left CT W and WO contrast IV,
90,39908-9,Heart Scan first pass and wall motion and ventricular volume W stress and W radionuclide IV,
91,26102-4,Calcaneus - right X-ray,
92,37063-5,Unspecified body region Fluoroscopy of foreign body,
93,39056-7,Unspecified body region X-ray W manual stress,
94,48452-7,Spine Lumbar MRI W and WO contrast IT,
95,37201-1,Ankle X-ray standing,
96,37189-8,Sacroiliac joint - bilateral Fluoroscopy W contrast intraarticular,
97,69254-1,Ankle - right X-ray 3 views standing,
98,30607-6,CT Guidance for biopsy of Kidney - bilateral,
99,69401-8,US Guidance for needle biopsy of Spinal cord,
100,42153-7,Extremity X-ray Single view,
101,44150-1,Brain Scan static W Tc-99m bicisate IV,
102,36067-7,Spine MRI,
103,24715-5,Gastrointestine upper Fluoroscopy Single view W contrast PO,
104,26179-2,Femoral artery - left Fluoroscopic angiogram runoff W contrast IA,
105,36729-2,Foot - bilateral X-ray AP and lateral and oblique,
106,36781-3,Abdominal veins MRI angiogram,
107,36734-2,Spine Cervical X-ray AP and lateral and oblique,
108,39402-3,Shoulder X-ray AP (W internal rotation and W external rotation),
109,37805-9,Shoulder - right X-ray Y,
110,36344-0,Foot - left MRI W and WO contrast IV,
111,39335-5,Shoulder - left X-ray AP (W internal rotation and W external rotation) and axillary,
112,38853-8,Lower extremity vessels - left Fluoroscopic angiogram W contrast,
113,37798-6,Shoulder - right X-ray AP single view,
114,37382-9,Aortic arch and Subclavian artery Fluoroscopic angiogram W contrast IA,
115,37811-7,Shoulder - right X-ray tomograph,
116,39437-9,Carotid artery - right US.doppler,
117,48438-6,Deprecated Temporal bones MRI W contr IV,
118,26138-8,Acromioclavicular joint - right X-ray,
119,44182-4,Hand X-ray 2 views portable,
120,37910-7,Spine Thoracic X-ray lateral standing,
121,35889-5,Fluoroscopy Guidance for bronchoscopy of Chest,
122,36998-3,Spine Cervical X-ray lateral W flexion,
123,24875-7,Peripheral vessel US.doppler Peripheral plane,
124,48443-6,Nasopharynx CT W and WO contrast IV,
125,26379-8,Hand - bilateral X-ray 3 views,
126,44111-3,Skull.base CT W and WO contrast IV,
127,69182-4,Upper arm - bilateral MRI W contrast IV,
128,37653-3,Sacrum X-ray tomograph,
129,69240-0,Fluoroscopy Guidance for percutaneous biopsy of Abdomen,
130,48451-9,Orbit CT W and WO contrast IV,
131,41801-2,Fluoroscopic angiogram Guidance for placement of catheter in Portal vein-- W contrast IV,
132,26240-2,Finger - right MRI,
133,39816-4,Bone SPECT whole body,
134,37790-3,Scapula - right X-ray Y,
135,42314-5,Ribs - right X-ray Single view,
136,37054-4,Scapula - left X-ray Y,
137,43761-6,Fluoroscopic angiogram Guidance for thrombectomy of Vein - bilateral-- W contrast IV,
138,37115-3,Knee X-ray AP and lateral and oblique and tunnel,
139,48739-7,Mammogram Guidance for sentinel lymph node injection of Breast - right,
140,39388-4,Knee - right X-ray AP and lateral and right oblique and left oblique,
141,38770-4,Scapula - right MRI WO contrast,
142,37481-9,Spine Cervical and Spine Thoracic X-ray,
143,36238-4,Pituitary and Sella turcica MRI W contrast IV,
144,46306-7,CT whole body W contrast IV,
145,26130-5,Hip - bilateral X-ray,
146,37701-0,Foot - right X-ray AP and lateral,
147,48699-3,Temporomandibular Joint - unilateral X-ray open and closed mouth,
148,44152-7,Brain SPECT W Tc-99m bicisate IV,
149,38137-6,Iliac vessels - left US,
150,43644-4,Brain Scan flow limited,
151,36933-0,Salivary gland MRI,
152,25077-9,Fluoroscopic angiogram Guidance for placement of catheter in Hepatic artery-- W contrast IA,
153,28565-0,Knee X-ray,
154,58747-7,CT Guidance for ablation of tissue of Unspecified body region,
155,39882-6,Bone Scan 3 views phase whole body,
156,26288-1,Breast - left US limited,
157,39494-0,Abdominal wall US,
158,37030-4,Breast - left Mammogram tangential,
159,36724-3,Elbow - left X-ray AP and lateral and oblique,
160,39754-7,Thyroid Scan limited W I-131 IV,
161,36407-5,Thyroid MRI W and WO contrast IV,
162,69306-9,Fluoroscopy Guidance for aspiration of cyst of Bone,
163,35965-3,Elbow - bilateral CT,
164,42168-5,Breast - right FFD mammogram diagnostic,
165,36087-5,Head CT limited,
166,37866-1,Sinuses X-ray tomograph,
167,26224-6,Extremity - bilateral CT,
168,26277-4,Wrist - bilateral MRI,
169,35903-4,CT Guidance for biopsy of Prostate,
170,36085-9,Neck vessels MRI angiogram,
171,39620-0,Scan Guidance for abscess localization limited,
172,36758-1,Chest X-ray PA and lateral and oblique and lordotic,
173,30807-2,Lower extremity vessels CT angiogram W and WO contrast IV,
174,24645-4,Chest X-ray PA and right lateral and right oblique and left oblique upright portable,
175,36313-5,Ribs - bilateral X-ray 3 views,
176,36969-4,Deprecated View decubitus,
177,24916-9,Sinuses X-ray,
178,24829-4,Mandible X-ray,
179,38862-9,Carotid artery and Cerebral artery - left Fluoroscopic angiogram W contrast IA,
180,36529-6,Sinuses CT WO contrast,
181,25044-9,CT Guidance for biopsy of Unspecified body region,
182,72246-2,Abdomen and Pelvis MRI W contrast PO and W and WO contrast IV,
183,58740-2,Abdomen MRCP WO contrast,
184,37055-1,Scapula - bilateral X-ray Y,
185,36383-8,Mandible CT W and WO contrast IV,
186,37931-3,Wrist X-ray PA,
187,42142-0,Deprecated Breast Mammogram Guidance for percutaneous biopsy.core needle,
188,51391-1,Fluoroscopic angiogram Guidance for placement of transjugular intrahepatic portosystemic shunt in Portal vein and Hepatic vein,
189,48442-8,Spine CT W and WO contrast IT,
190,24823-7,CT Guidance for biopsy of Lung,
191,36990-0,Spine Lumbar X-ray lateral crosstable,
192,30679-5,Spine Lumbar MRI WO contrast,
193,47377-7,Knee - right X-ray LE 4 views,
194,36503-1,Kidney - bilateral CT WO contrast,
195,69132-9,Hip X-ray Danelius Miller,
196,36785-4,Lower extremity veins - right MRI angiogram,
197,39439-5,Extremity artery - right US.doppler,
198,38095-6,Breast duct - bilateral Mammogram W contrast intra duct,
199,26223-8,Extremity - bilateral US,
200,36821-7,Orbit - left MRI W contrast IV,
201,26344-2,Mammogram Guidance for aspiration of cyst of Breast - left,
202,42450-7,US Guidance for aspiration of cyst of Breast - left,
203,38080-8,Breast specimen - left Mammogram,
204,43669-1,Renal vessels Scan,
205,24967-2,Spine Lumbar MRI W and WO contrast IV,
206,69153-5,Shoulder - left X-ray AP and Grashey and axillary,
207,69174-1,Forearm - bilateral MRI W and WO contrast IV,
208,36499-2,Lower extremity joint - right MRI WO contrast,
209,26077-8,Shoulder - left Fluoroscopy W contrast intraarticular,
210,38108-7,Knee - right X-ray 2 views Oblique,
211,41833-5,Upper extremity artery - left US,
212,42432-5,Knee - right X-ray Sunrise and (views standing),
213,37278-9,Brain and Internal auditory canal MRI WO contrast,
214,36762-3,Extremity vessel Fluoroscopic angiogram Angioplasty W contrast,
215,24613-2,Fluoroscopic angiogram Guidance for placement of catheter in artery in Central cardiovascular artery,
216,36622-9,Hand - bilateral X-ray PA,
217,37121-1,Clavicle - left X-ray AP and Serendipity,
218,62451-0,Extremity - left US limited,
219,69237-6,SPECT for tumor whole body,
220,36600-5,Hand - bilateral X-ray lateral,
221,38771-2,Pelvis and Hip - right X-ray,
222,38778-7,Calcaneus - right X-ray ski jump,
223,24634-8,Chest X-ray portable W inspiration and expiration,
224,35893-7,CT Guidance for biopsy of Breast,
225,36652-6,Femur X-ray 2 views,
226,37973-5,Testicle vessels Fluoroscopy W contrast,
227,36974-4,Shoulder - left X-ray Garth,
228,37843-0,Shoulder X-ray Garth,
229,39352-0,Ribs posterior - bilateral X-ray,
230,36876-1,Head veins MRI angiogram WO contrast,
231,36075-0,Lower leg - left MRI,
232,36538-7,Lower leg - left CT WO contrast,
233,36466-1,Foot CT WO contrast,
234,47379-3,Mandible X-ray GE 4 views,
235,37835-6,Wrist - right X-ray PA and lateral,
236,36368-9,Upper arm - left MRI W and WO contrast IV,
237,38085-7,Deprecated Breast - left Mammogram magnification & spot compression,
238,39379-3,Knee - right X-ray 2 views and Sunrise,
239,41803-8,Fluoroscopy Guidance for needle biopsy of Breast,
240,37889-3,Thumb X-ray AP and lateral,
241,47986-5,Lower extremity arteries - left Fluoroscopic angiogram W contrast IA,
242,38781-1,Shoulder - right X-ray AP and axillary and outlet,
243,24558-9,Abdomen US,
244,38765-4,US Guidance for biopsy of Liver transplant,
245,39768-7,Stomach Scan for gastric emptying W Tc-99m SC PO,
246,36599-9,Hand X-ray lateral,
247,42143-8,Uterus and Fallopian tubes US W saline intrauterine,
248,69102-2,Ankle - left CT W contrast intraarticular,
249,65803-9,Sagittal sinus vein - left Fluoroscopic angiogram W contrast IV,
250,36694-8,Femur - bilateral X-ray AP and lateral,
251,43791-3,Spine Lumbar X-ray oblique,
252,69200-4,MRI Guidance for needle biopsy of Pleura,
253,37932-1,Wrist X-ray tomograph,
254,36471-1,Foot - right MRI WO contrast,
255,37494-2,Fluoroscopy Guidance for injection of Tendon,
256,42146-1,Carotid artery US.doppler,
257,24660-3,Aorta thoracic MRI angiogram,
258,42139-6,US Guidance for percutaneous biopsy of Muscle,
259,36450-5,Lower extremity vessels - bilateral MRI angiogram WO contrast,
260,37570-9,Wrist - bilateral Fluoroscopy W contrast intraarticular,
261,24591-0,Brain Scan brain death protocol W Tc-99m HMPAO IV,
262,24550-6,Upper extremity veins Fluoroscopic angiogram W contrast IV,
263,26158-6,Shoulder - left X-ray,
264,37033-8,Humerus - left X-ray transthoracic,
265,43559-4,Urinary Bladder and Urethra Fluoroscopy W contrast intra bladder during voiding,
266,24983-9,Spine Thoracic X-ray,
267,24865-8,Pelvis CT,
268,24708-0,Foot X-ray standing,
269,43658-4,Heart Scan perfusion quantitative,
270,69063-6,Knee - bilateral X-ray 4 views and Sunrise and tunnel,
271,24666-0,Colon Fluoroscopy W air and barium contrast PR,
272,38050-1,Lower extremity - right US limited,
273,39686-1,Scan for lymphoma W GA-67 IV,
274,26139-6,Mastoid - bilateral X-ray,
275,36593-2,Femur X-ray lateral,
276,42458-0,US Guidance for aspiration of cyst of Breast - right,
277,37010-6,Chest X-ray right oblique,
278,26127-1,Foot - bilateral X-ray,
279,37688-9,Elbow - right X-ray tomograph,
280,37442-1,Brain MRI spectroscopy,
281,39851-1,Kidney - bilateral SPECT W Tc-99m Mertiatide IV,
282,30680-3,Ankle MRI WO contrast,
283,69115-4,Wrist - right CT W contrast intraarticular,
284,36137-8,Ankle - left CT W contrast IV,
285,36741-7,Elbow - left X-ray oblique,
286,26257-6,Knee - left MRI,
287,37618-6,Pelvis X-ray AP and inlet,
288,37629-3,Pelvis X-ray lateral,
289,37898-4,Tibia and Fibula X-ray tomograph,
290,37776-2,Patella - right X-ray AP and lateral,
291,37820-8,Toes - right X-ray 3 views,
292,42476-2,Upper extremity vessel graft - right US.doppler,
293,30580-5,CT Guidance for fine needle aspiration of Unspecified body region,
294,36247-5,Sacrum and Coccyx MRI W contrast IV,
295,26396-2,Knee - right X-ray 2 views,
296,47372-8,Hip X-ray during surgery,
297,43781-4,Spine Cervicothoracic Junction X-ray,
298,62450-2,Fluoroscopic angiogram Guidance for placement of intraperitoneal catheter in Abdomen,
299,26312-9,Fluoroscopic angiogram Guidance for placement of catheter in Central vein - right-- W contrast IV,
300,25054-8,CT Guidance for radiosurgery of Unspecified body region-- W contrast IV,
301,37212-8,CT Guidance for biopsy of Epididymis,
302,37948-7,Carotid artery.external - right Fluoroscopic angiogram W contrast IA,
303,37824-0,Upper extremity veins - right Fluoroscopic angiogram W contrast IV,
304,38003-0,Foot - left X-ray AP standing,
305,36254-1,Shoulder - right MRI W contrast IV,
306,36130-3,Shoulder - left MRI W contrast intraarticular,
307,37607-9,Kidney X-ray W contrast IV,
308,37905-7,Spine Thoracic X-ray 2 views,
309,38136-8,US Guidance for fine needle aspiration of Superficial tissue,
310,26374-9,Tibial artery - left Fluoroscopic angiogram Angioplasty W contrast IA,
311,39704-2,Heart Scan perfusion W Tc-99m Sestamibi IV,
312,44187-3,Spine Cervical X-ray AP and oblique and odontoid and lateral portable W flexion and W extension,
313,38064-2,Breast implant - left MRI WO contrast,
314,36048-7,Mandible X-ray tomograph,
315,48485-7,Ribs - bilateral and Chest X-ray GE 3 and PA Chest views,
316,36252-5,Shoulder - left CT W contrast IV,
317,26264-2,Popliteal space - right US,
318,69104-8,Extremity - left CT WO contrast,
319,48453-5,Brain.temporal MRI WO contrast,
320,43785-5,Spine Cervicothoracic Junction X-ray AP and lateral,
321,42395-4,Foot sesamoid bones - bilateral X-ray axial,
322,39325-6,Shoulder - left X-ray AP (W internal rotation) and Grashey and axillary and outlet,
323,37011-4,Spine Lumbar X-ray right oblique,
324,36587-4,Shoulder - left X-ray AP single view,
325,42814-4,Wrist - left X-ray scaphoid single view,
326,36992-6,Spine Lumbar X-ray lateral crosstable portable,
327,36100-6,Spine Lumbar MRI limited W contrast IV,
328,37917-2,US Guidance for biopsy of Muscle,
329,39343-9,Shoulder - bilateral X-ray AP (W internal rotation and W external rotation) and Y,
330,37787-9,Scapula - right X-ray 2 views,
331,48745-4,Mandible - left X-ray,
332,37573-3,Deprecated Upper extremity arteries - left Fluoroscopic angiogram W contrast,
333,37579-0,Acromioclavicular Joint X-ray W and WO weight,
334,69316-8,Foot - right X-ray Single view,
335,37807-5,Shoulder - right X-ray axillary and Y,
336,37089-0,Pelvis and Hip X-ray AP and lateral crosstable,
337,38775-3,Hand - right X-ray Brewerton,
338,48585-4,Exhaled gas Scan Gastric emptying time post 100 mg sodium acetate PO,
339,36755-7,Hand X-ray PA and lateral and oblique,
340,43670-9,Spleen SPECT flow,
341,39064-1,Ribs X-ray anterior and lateral,
342,49569-7,Heart SPECT perfusion and wall motion at rest and W stress and W Tl-201 IV and W Tc-99m Sestamibi IV,
343,37059-3,Hip - bilateral X-ray standing,
344,37428-0,Wrist CT,
345,36816-7,Temporal bone - right CT W contrast IV,
346,36060-2,Sacrum and Coccyx MRI,
347,37801-8,Shoulder - right X-ray Garth,
348,39667-1,Heart Scan W stress and W radionuclide IV,
349,37540-2,Knee - bilateral X-ray Holmblad standing,
350,72140-7,Breast - right FFD mammogram-tomosynthesis screening,
351,35901-8,CT Guidance for biopsy of Lymph node,
352,42020-8,CT Guidance for needle localization of Spine Lumbar,
353,44166-7,US Guidance for abscess drainage of Subphrenic space,
354,37825-7,Wrist - right X-ray Single view,
355,37875-2,Spine X-ray Single view,
356,24975-5,Spine.lumbar and Sacroiliac joint - bilateral X-ray,
357,37547-7,Wrist - bilateral X-ray PA and lateral,
358,39915-4,Heart Scan gated,
359,30769-4,Pelvis and Hip - bilateral X-ray max abduction,
360,24779-1,Fluoroscopy Guidance for placement of percutaneous nephrostomy in Kidney - bilateral-- W contrast via tube,
361,39927-9,Heart Scan gated W stress and W Tc-99m pertechnetate IV,
362,37509-7,Spine Lumbar CT W contrast intradisc,
363,44211-1,Chest X-ray GE 4 views,
364,37112-0,Knee X-ray AP and lateral and tunnel,
365,39813-1,Bone SPECT limited,
366,36643-5,Chest X-ray 2 views,
367,39738-0,Abdomen Scan W In-111 Satumomab IV,
368,37026-2,Skull X-ray submentovertex,
369,39374-4,Foot - right X-ray AP and lateral standing,
370,24536-5,Acromioclavicular Joint X-ray,
371,39663-0,Heart Scan at rest and W stress and W radionuclide IV,
372,37800-0,Shoulder - right X-ray axillary,
373,26366-5,Knee - right X-ray AP and lateral standing,
374,37299-5,Sternoclavicular joint - left X-ray Serendipity,
375,36474-5,Forearm - left MRI WO contrast,
376,39495-7,Extremity vessels - bilateral US.doppler,
377,39814-9,Bone Scan static limited,
378,38827-2,Lacrimal duct - right Fluoroscopy W contrast intra lacrimal duct,
379,36960-3,Chest X-ray AP upright portable,
380,26391-3,Humerus - bilateral X-ray 2 views,
381,37272-2,Mediastinum MRI W and WO contrast IV,
382,36397-8,Shoulder - right CT W and WO contrast IV,
383,37531-1,Toe fourth - left X-ray,
384,28576-7,Joint MRI,
385,39510-3,Lymphatics pelvic Fluoroscopy W contrast intra lymphatic,
386,38062-6,Breast implant - right MRI W and WO contrast IV,
387,39748-9,SPECT for tumor W Tc-99m Sestamibi IV,
388,25052-2,Unspecified body region CT sagittal and coronal,
389,36567-6,Knee - left X-ray Single view,
390,30820-5,Carotid artery.external - bilateral Fluoroscopic angiogram W contrast IA,
391,36317-6,Ankle X-ray 4 views,
392,70929-5,Spine Cervical CT stereotactic,
393,46331-5,Orbit CT WO contrast,
394,46344-8,Elbow - left X-ray GE 3 views,
395,42334-3,Fluoroscopy Guidance for injection of Mammary artery.internal - left,
396,24565-4,Deprecated Chest and Abdomen Narrative X-ray,
397,26078-6,Shoulder - right Fluoroscopy W contrast intraarticular,
398,36775-5,Upper extremity joint - right MRI,
399,36053-7,Parathyroid MRI,
400,26339-2,Mammogram Guidance for biopsy of Breast - right,
401,38839-7,Wrist - left X-ray oblique,
402,24750-2,Heart Scan at rest and W Tl-201 IV,
403,36348-1,Forearm - left CT W and WO contrast IV,
404,30823-9,Head artery and Neck artery Fluoroscopic angiogram W contrast IA,
405,36395-2,Shoulder CT W and WO contrast IV,
406,41830-1,Hand - left X-ray limited,
407,35973-7,Lower extremity - bilateral CT,
408,24600-9,US Guidance for needle localization of Breast,
409,26112-3,Lower extremity - bilateral X-ray,
410,30608-4,CT Guidance for fine needle aspiration of Kidney - bilateral,
411,38121-0,Spine Thoracic and Lumbar X-ray Single view,
412,39935-2,Scan multiple areas W GA-67 IV,
413,36037-0,Knee CT,
414,41805-3,Deprecated Bone SPECT,
415,35885-3,Fluoroscopy Guidance for abscess drainage of Unspecified body region,
416,39527-7,Unspecified body region US of foreign body,
417,39646-5,Breast Scan,
418,24904-5,Pituitary and Sella turcica CT W and WO contrast IV,
419,37849-7,Shoulder X-ray axillary,
420,37232-6,Spine Lumbosacral Junction CT,
421,69269-9,Skull X-ray AP single view,
422,42155-2,Deprecated Chest X-ray AP lateral-decubitus,
423,39725-7,Heart SPECT perfusion at rest and W adenosine and W Tl-201 IV,
424,69080-0,Spine Cervical X-ray 5 views W flexion and W extension,
425,37774-7,Breast - right Mammogram,
426,69160-0,Mammogram Guidance.stereotactic for needle biopsy of Breast,
427,37092-4,Hip - bilateral X-ray AP and lateral frog,
428,24987-0,Spine CT W contrast IV,
429,37556-8,Ankle X-ray W manual stress,
430,24570-4,Fluoroscopy Guidance for stone removal of Biliary duct common-- W contrast intra biliary duct,
431,47374-4,Knee - left X-ray GE 4 views,
432,43469-6,Unspecified body region X-ray of foreign body,
433,36278-0,Breast - left MRI W and WO contrast IV,
434,37242-5,Sternoclavicular Joint CT W contrast IV,
435,42711-2,Scan whole body W In-111 tagged WBC IV,
436,39042-7,Extremity artery US.doppler,
437,36523-9,Scapula - left MRI WO contrast,
438,37404-1,Pudendal artery.internal Fluoroscopic angiogram W contrast IA,
439,39839-6,SPECT W I-131 MIBG IV,
440,25008-4,Thyroid Scan and uptake W I-131 IV,
441,42387-1,Unspecified body region MRI cine for CSF flow,
442,69177-4,Hand - bilateral MRI W and WO contrast IV,
443,37516-2,Spine Lumbosacral Junction X-ray lateral spot standing,
444,26369-9,Brachiocephalic artery - right Fluoroscopic angiogram Angioplasty W contrast IA,
445,26201-4,Knee - right MRI W and WO contrast IV,
446,42383-0,Gallbladder X-ray W double dose contrast PO,
447,37836-4,Wrist - right X-ray PA and lateral and oblique,
448,39913-9,Heart SPECT gated and ejection fraction,
449,46300-0,Sinuses CT coronal,
450,36589-0,Chest X-ray AP portable single view,
451,37792-9,Shoulder - right X-ray Single view,
452,39843-8,Scan limited W In-111 Satumomab IV,
453,37922-2,Upper extremity X-ray 2 views,
454,69133-7,Fluoroscopy Guidance for drainage of Hip,
455,46329-9,Pelvis CT W reduced contrast volume IV,
456,24589-4,Brain MRI W contrast IV,
457,42269-1,Chest and Abdomen X-ray,
458,36303-6,Finger X-ray 3 views,
459,26251-9,Hip - left US,
460,37472-8,Hand - left X-ray Bora,
461,69313-5,Tibia - left and Fibula - left X-ray Single view,
462,30645-6,Superior vena cava Fluoroscopic angiogram W contrast IV,
463,35890-3,Fluoroscopy Guidance for biopsy of Abdomen,
464,35918-2,CT Guidance for drainage of Kidney,
465,24784-1,Kidney - bilateral X-ray tomograph W and WO contrast IV,
466,42015-8,Deprecated Spine Cervical X-ray fluoroscopy W contrast IT,
467,36147-7,Pulmonary artery CT angiogram W contrast IV,
468,26137-0,Acromioclavicular joint - left X-ray,
469,36027-1,Upper arm - left CT,
470,42145-3,Extremity vein - left US,
471,39939-4,Joint Scan,
472,37663-2,Acromioclavicular joint - right X-ray W and WO weight,
473,30687-8,Hip MRI WO contrast,
474,36426-5,Ankle - left CT WO contrast,
475,26178-4,Femoral artery - bilateral Fluoroscopic angiogram runoff W contrast IA,
476,43780-6,Knee X-ray Sunrise,
477,44216-0,Fluoroscopy Guidance for fine needle aspiration of Thyroid,
478,41795-6,Upper Gastrointestine and Small bowel Fluoroscopy W air contrast PO,
479,30611-8,Liver CT WO contrast,
480,44194-9,Spine X-ray GE 4 views W right bending and W left bending,
481,30780-1,Finger second X-ray,
482,37588-1,Aortic arch and Carotid artery.common - bilateral Fluoroscopic angiogram W contrast IA,
483,35975-2,Lower extremity - bilateral MRI,
484,36453-9,Lower extremity - left MRI WO contrast,
485,48492-3,Breast implant - bilateral Mammogram screening,
486,39688-7,Scan W GA-67 IV,
487,30821-3,Carotid artery.external Fluoroscopic angiogram W contrast IA,
488,24535-7,Acetabulum X-ray,
489,37356-3,Spine Lumbar and Sacrum and Coccyx X-ray 5 views,
490,44204-6,Fluoroscopy Guidance for percutaneous needle biopsy of Lung,
491,38854-6,Breast - left Mammogram magnification and spot,
492,24860-9,Pancreatic artery Fluoroscopic angiogram W contrast IA,
493,37414-0,Lower extremity veins - bilateral Fluoroscopic angiogram W contrast IV,
494,37186-4,Elbow Fluoroscopy W contrast intraarticular,
495,30773-6,Spine Lumbar X-ray Single view,
496,30620-9,Spine Lumbar CT WO contrast,
497,69285-5,Umbilical artery US.doppler,
498,46313-3,Pelvis CT W and WO reduced contrast volume IV,
499,26377-2,Administration of vasodilator into catheter of Vein - left,
500,72242-1,Toes - left MRI WO contrast,
501,36756-5,Hand - bilateral X-ray PA and lateral and oblique,
502,39826-3,Bone marrow Scan whole body,
503,37878-6,Spine X-ray lateral crosstable,
504,36265-7,Uterus MRI W contrast IV,
505,36506-4,Knee - bilateral MRI WO contrast,
506,42397-0,Chest X-ray frontal stereo,
507,24664-5,Clavicle X-ray,
508,36044-6,Larynx X-ray tomograph,
509,24538-1,Ankle MRI,
510,43517-2,Wrist vessels - right MRI angiogram WO contrast,
511,26183-4,Thoracic outlet vessels - right MRI angiogram W contrast IV,
512,46278-8,Hip - left DXA Bone density,
513,69082-6,Head CT and 3D reconstruction WO contrast,
514,37213-6,CT Guidance for biopsy of Mediastinum,
515,43472-0,Unspecified body region Fluoroscopy 90 minutes,
516,26388-9,Hand - bilateral X-ray 2 views,
517,42296-4,Mammogram Guidance for localization of Breast - left,
518,36122-0,Hip - right MRI W contrast intraarticular,
519,36676-5,Knee - left X-ray 5 views,
520,26169-3,Wrist - bilateral X-ray,
521,36154-3,Calcaneus - right CT W contrast IV,
522,44195-6,Knee X-ray GE 5 views,
523,37284-7,Temporomandibular joint MRI WO contrast,
524,36467-9,Foot - bilateral MRI WO contrast,
525,24848-4,Orbit - bilateral CT,
526,37268-0,Temporomandibular joint MRI W and WO contrast IV,
527,35971-1,Lower extremity CT,
528,26381-4,Hand - right X-ray 3 views,
529,24835-1,Nasopharynx and Neck CT,
530,69108-9,Pulmonary vessels CT angiogram W and WO contrast,
531,42381-4,Ribs lower posterior - left X-ray,
532,39668-9,Heart SPECT W stress and W radionuclide IV,
533,36870-4,Upper extremity joint - right MRI WO contrast,
534,30839-5,Lymphatics abdominal Fluoroscopy W contrast intra lymphatic,
535,38044-4,Mediastinum US,
536,42294-9,Pelvis vessels CT angiogram W contrast IV,
537,46304-2,Sinuses CT limited WO contrast,
538,38841-3,Ankle - left X-ray 2 views standing,
539,37699-6,Foot - right X-ray 3 views,
540,44139-4,PET whole body,
541,38816-5,Shoulder - right X-ray Grashey W and WO weight,
542,37027-0,Knee - bilateral X-ray Sunrise,
543,36272-3,Aorta abdominal MRI angiogram W and WO contrast IV,
544,42418-4,Ankle - left X-ray AP and lateral and oblique W manual stress,
545,26282-4,Wrist - right US,
546,39346-2,Shoulder - bilateral X-ray AP (W internal rotation) and West Point,
547,46351-3,Breast implant - bilateral Mammogram displacement,
548,43505-7,Axilla - right MRI W contrast IV,
549,38114-5,Tibia - right and Fibula - right X-ray 2 views Oblique,
550,43776-4,Iliac artery US.doppler limited,
551,36581-7,Hip X-ray AP single view,
552,37995-8,Calcaneus - bilateral X-ray Broden,
553,39516-0,Shoulder X-ray Stryker Notch,
554,35952-1,Appendix CT,
555,36740-9,Elbow - bilateral X-ray oblique,
556,30787-6,Joint X-ray Single view,
557,39449-4,Extremity vein US.doppler,
558,39886-7,Heart Scan first pass and wall motion at rest and W radionuclide IV,
559,43533-9,Mandible - right X-ray,
560,36633-6,Sacroiliac joint - bilateral X-ray,
561,37534-5,Toe second - left X-ray,
562,72537-4,US Guidance for injection of sclerosing agent of Extremity vein - bilateral,
563,43464-7,Ribs - bilateral and Chest X-ray lateral and PA chest,
564,35931-5,CT Guidance for nerve block of Pelvis,
565,38836-3,Orbit - left MRI,
566,43574-3,Upper Gastrointestine and Small bowel Fluoroscopy W barium contrast PO,
567,24603-3,Mammogram Guidance.stereotactic for biopsy of Breast,
568,39765-3,Vein Scan W Tc-99m DTPA IV,
569,46291-1,CT Guidance for drainage of Unspecified body region-- W and WO contrast IV,
570,39425-4,Iliac artery US.doppler,
571,69158-4,Breast implant X-ray diagnostic,
572,44142-8,Bone Scan W Tc-99m medronate IV,
573,24756-9,Fluoroscopic angiogram Guidance for placement of stent in Vein,
574,37224-3,Parotid gland MRI,
575,46393-5,Liver CT W Xe-133 inhaled,
576,37869-5,Skull X-ray lateral and Towne,
577,26265-9,Shoulder - bilateral US,
578,69081-8,Spine Cervical X-ray 5 views and Swimmers,
579,69287-1,US Guidance for aspiration of Lymph node,
580,39904-8,Bone Scan multiple areas,
581,46321-6,Orbit and Face and Neck MRI W contrast IV,
582,37578-2,Acromioclavicular joint - bilateral X-ray W weight,
583,25019-1,Urinary bladder US,
584,26384-8,Shoulder - right X-ray 3 views,
585,37451-2,Wrist - left MRI W contrast IV,
586,39076-5,Foot X-ray AP and oblique,
587,46343-0,Wrist - right X-ray GE 3 views,
588,48439-4,Spine Thoracic MRI W contrast IT,
589,41807-9,Orbit CT,
590,39841-2,Scan W I-131 MIBG IV,
591,37544-4,Wrist - bilateral X-ray oblique,
592,37569-1,Urinary bladder Fluoroscopy W contrast via suprapubic tube,
593,42157-8,Extremity vessels Fluoroscopic angiogram W contrast IV,
594,37122-9,Shoulder - left X-ray AP and Stryker Notch,
595,41773-3,Facial bones X-ray portable,
596,26317-8,Mammogram Guidance for needle localization of mass of Breast - right,
597,37222-7,Ankle and Foot MRI,
598,36842-3,Orbit MRI W and WO contrast IV,
599,43643-6,Brain Scan flow W Tc-99m glucoheptonate IV,
600,39696-0,Lung Scan W depreotide and W radionuclide IV,
601,37342-3,Spine Lumbar and Sacrum and Sacroiliac Joint and Coccyx X-ray,
602,39648-1,Heart SPECT W dipyridamole and W radionuclide IV,
603,42419-2,Wrist - bilateral X-ray Single view,
604,36601-3,Hand - left X-ray lateral,
605,44129-5,Lower extremity vessels MRI angiogram WO contrast,
606,36054-5,Thoracic outlet CT,
607,24583-7,Thoracic outlet MRI W and WO contrast IV,
608,42132-1,Breast US screening,
609,37734-1,Lower extremity - right X-ray standing,
610,43662-6,Renal vessels SPECT flow W Tc-99m glucoheptonate IV,
611,39138-3,Fluoroscopic angiogram Guidance for vascular access of Vessel,
612,28567-6,Humerus X-ray,
613,37411-6,Azygos vein Fluoroscopic angiogram W contrast IV,
614,41777-4,Hip - right X-ray AP and lateral portable,
615,36307-7,Foot - left X-ray 3 views,
616,37947-9,Elbow - right Fluoroscopy W contrast intraarticular,
617,36610-4,Finger fifth X-ray oblique single view,
618,43561-0,Chest and Abdomen X-ray AP upright and AP chest,
619,36491-9,Upper arm CT WO contrast,
620,25033-2,Wrist MRI,
621,36555-1,Clavicle X-ray Single view,
622,41798-0,US Guidance for drainage of Prostate,
623,38132-7,US Guidance for biopsy of Scrotum and Testicle,
624,42433-3,Mammogram Guidance.stereotactic for core needle biopsy of Breast - right,
625,36807-6,Shoulder vessels - right MRI angiogram,
626,37074-2,Wrist - left X-ray 6 views,
627,36850-6,Lower extremity veins - right MRI angiogram W and WO contrast IV,
628,37630-1,Pelvis X-ray oblique,
629,37133-6,Spine Cervical X-ray lateral W flexion and W extension,
630,39387-6,Knee - right X-ray 4 views and Sunrise and tunnel,
631,36865-4,Shoulder vessels - right MRI angiogram W and WO contrast IV,
632,42271-7,Thyroid Scan and uptake W I-123 IV,
633,43568-5,CT Guidance for needle biopsy of Deep bone,
634,36418-2,Inferior vena cava MRI W and WO contrast IV,
635,57823-7,Esophagus PET,
636,48747-0,Orbit - bilateral X-ray GE 4 views,
637,37912-3,US Guidance for biopsy of Breast - bilateral,
638,24595-1,Mammogram Guidance for needle localization of mass of Breast,
639,44183-2,Radius and Ulna X-ray 2 views portable,
640,30811-4,Posterior fossa Fluoroscopy W contrast IT,
641,30847-8,Renal vein Fluoroscopic angiogram W contrast IV,
642,36441-4,Calcaneus - right CT WO contrast,
643,37172-4,Spine Lumbar X-ray portable,
644,25005-0,Three vessels Fluoroscopic angiogram W contrast,
645,39916-2,Heart SPECT gated,
646,39292-8,Lower extremity MRI WO contrast,
647,39682-0,SPECT W GA-67 IV,
648,37722-6,Hip - right X-ray 3 views,
649,36379-6,Knee CT W and WO contrast IV,
650,43462-1,US Guidance for needle biopsy of Breast - left,
651,39624-2,Adrenal gland Scan W I-131 NP59 IV,
652,43793-9,Tibioperoneal arteries Fluoroscopic angiogram Angioplasty W contrast IA,
653,26311-1,Fluoroscopic angiogram Guidance for placement of catheter in Central vein - left-- W contrast IV,
654,39676-2,Scan static for infection W GA-67 IV,
655,37463-7,Wrist - left CT WO contrast,
656,39037-7,Upper extremity MRI W contrast IV,
657,47987-3,Lower extremity arteries - right Fluoroscopic angiogram W contrast IA,
658,39641-6,Brain SPECT W Tc-99m glucoheptonate IV,
659,37568-3,Unspecified body region Fluoroscopy W contrast via fistula,
660,36612-0,Finger second X-ray oblique single view,
661,30748-8,Shoulder X-ray Single view,
662,24856-7,CT Guidance for aspiration of Pancreas,
663,26267-5,Shoulder - left US,
664,36110-5,Spine Lumbar CT limited WO contrast,
665,69127-9,Fluoroscopy Guidance for needle biopsy of Chest.pleura,
666,36706-0,Humerus X-ray AP and lateral,
667,37219-3,Biliary ducts MRI,
668,37901-6,Temporomandibular joint Fluoroscopy W contrast intraarticular,
669,38156-6,Wrist X-ray 6 views,
670,62492-4,Fluoroscopic angiogram Guidance for placement of ilio-iliac tube endoprosthesis in Iliac artery - right-- W contrast IA,
671,36101-4,Spine Thoracic MRI limited W contrast IV,
672,37730-9,Hip - right X-ray lateral,
673,36462-0,Femur - left CT WO contrast,
674,37609-5,Optic foramen X-ray 4 views,
675,42172-7,Deprecated Tibia Left & Fibula Left X-ray,
676,69309-3,Foot - left X-ray Single view,
677,30893-2,Deprecated Abdominal vessels US.doppler Multisection,
678,43774-9,Kidney - bilateral US,
679,36577-5,Finger fourth X-ray AP single view,
680,42333-5,US Guidance for biopsy of Chest.pleura,
681,69295-4,Renal vessels US,
682,69138-6,Ankle - left X-ray 3 views standing,
683,36411-7,Lower leg - right CT W and WO contrast IV,
684,35966-1,Elbow - left CT,
685,37686-3,Elbow - right X-ray 2 views Oblique,
686,48688-6,Upper extremity vein - right US,
687,30809-8,Upper Gastrointestine and Small bowel Fluoroscopy W contrast PO,
688,37680-6,Clavicle - right X-ray AP and Serendipity,
689,43544-6,Deprecated Finger fourth Left X-ray GE 3 views,
690,36286-3,Elbow - left CT W and WO contrast IV,
691,42404-4,Hip - left X-ray AP and lateral and measurement,
692,39884-2,Bone Scan blood pool,
693,24703-1,Thigh MRI W and WO contrast IV,
694,36318-4,Facial bones X-ray 4 views,
695,35991-9,Foot CT,
696,36942-1,Chest and Abdomen MRI W contrast IV,
697,30723-1,Skull X-ray portable,
698,24788-2,Kidney - bilateral X-ray W contrast IV,
699,39489-0,Ribs lower posterior X-ray,
700,47380-1,Mandible X-ray LE 3 views,
701,37277-1,Spinal vein MRI angiogram W and WO contrast IV,
702,26401-0,Hip - left X-ray Single view,
703,37076-7,Abdomen X-ray AP (supine and lateral-decubitus) portable,
704,42017-4,Fluoroscopy Guidance for replacement of percutaneous cholecystostomy in Abdomen,
705,37164-1,Facial bones X-ray lateral and Caldwell and Waters,
706,35921-6,CT Guidance for drainage of Pelvis,
707,30627-4,Upper extremity CT WO contrast,
708,26128-9,Foot - left X-ray,
709,72250-4,Abdomen and Pelvis CT W contrast PO and W contrast IV,
710,36215-2,Lower extremity joint - right MRI W contrast IV,
711,37196-3,Lower extremity veins - left Fluoroscopic angiogram W contrast IV,
712,42163-6,Spine Lumbar X-ray and oblique,
713,36852-2,Upper extremity veins - right MRI angiogram W and WO contrast IV,
714,24581-1,Brachial artery and Subclavian artery Fluoroscopic angiogram W contrast IA,
715,35957-0,Internal auditory canal - left CT,
716,43783-0,Renal vein Fluoroscopic angiogram W contrast IV and W renin sampling,
717,72532-5,US Guidance for ambulatory phlebectomy of Extremity vein - right,
718,38042-8,Lower extremity artery US.doppler limited,
719,36928-0,CT Guidance.stereotactic for biopsy of Head,
720,25049-8,Deprecated Unspecified body region CT 3D multiple sagittal & coronal,
721,26313-7,US Guidance for needle localization of Breast - bilateral,
722,39418-9,Extremity vein - bilateral US.doppler,
723,37694-7,Finger - right X-ray 2 views,
724,36996-7,Abdomen X-ray right lateral,
725,24662-9,US Guidance for aspiration of Pleural space,
726,37240-9,Parotid gland CT W contrast IV,
727,36264-0,Uterus CT W contrast IV,
728,35920-8,CT Guidance for drainage of Lymph node,
729,39920-4,Heart Scan gated at rest and W Tc-99m Sestamibi IV,
730,24826-0,Lymphatics Scan W radionuclide intra lymphatic,
731,39926-1,Deprecated Heart Scintigraphy gated W stress & W radionuclide IV,
732,42477-0,Kidney vessels transplant US.doppler,
733,69164-2,Ankle - bilateral MRI WO contrast,
734,36052-9,Pancreas MRI,
735,38264-8,Hip DXA [T-score] Bone density,
736,37596-4,Lymphatics abdominal and Lymphatics pelvic - left Fluoroscopy W contrast intra lymphatic,
737,69224-4,Fluoroscopy Guidance for needle biopsy of Abdomen,
738,30613-4,Pancreas CT WO contrast,
739,24709-8,Foot X-ray,
740,38138-4,Parotid gland US,
741,69117-0,Scapula CT,
742,42709-6,Liver Scan blood pool,
743,37028-8,Breast Mammogram tangential,
744,30605-0,CT Guidance for fine needle aspiration of Pancreas,
745,44122-0,MRI Guidance.stereotactic for localization in Brain-- W and WO contrast IV,
746,43787-1,Skull and Facial bones and Mandible X-ray for dental measurement,
747,39391-8,Knee - right X-ray and Sunrise,
748,39525-1,Vein US.doppler,
749,43523-0,Sinuses X-ray 1 or 2 views,
750,36795-3,Lower extremity vessels - left MRI angiogram,
751,39712-5,Heart SPECT perfusion,
752,37052-8,Breast - bilateral Mammogram XCCL,
753,37829-9,Wrist - right X-ray 5 views,
754,69253-3,Renal vessels Fluoroscopic angiogram Atherectomy W contrast,
755,36223-6,Knee MRI W contrast IV,
756,38838-9,Wrist - left X-ray limited,
757,35994-3,Foot - left CT,
758,39708-3,Heart Scan perfusion W dipyridamole and W radionuclide IV,
759,42688-2,CT Guidance for anesthetic block injection of Spine,
760,36716-9,Shoulder - bilateral X-ray AP and lateral,
761,30711-6,Hip US developmental joint assessment,
762,24615-7,Carotid artery intracranial Fluoroscopic angiogram Angioplasty W contrast IA,
763,44112-1,Skull.base CT WO contrast,
764,42472-1,Spine Thoracic and Lumbar X-ray scoliosis AP in traction,
765,39672-1,Esophagus Scan for motility W radionuclide PO,
766,43510-7,Axilla - right MRI,
767,39952-7,Scrotum and Testicle Scan static and flow,
768,36833-2,Renal vessels CT angiogram W contrast IV,
769,30636-5,Colon Fluoroscopy Reduction W views W contrast PR,
770,37796-0,Shoulder - right X-ray 6 views,
771,42468-9,Surgical specimen US,
772,38000-6,Elbow - left X-ray radial head capitellar,
773,26152-9,Ribs - left X-ray,
774,37191-4,Joint Fluoroscopy W contrast intraarticular,
775,36175-8,Thigh - left MRI W contrast IV,
776,39850-3,Kidney - bilateral Scan W I-131 IV,
777,37522-0,Finger second - left X-ray,
778,37170-8,Humerus X-ray portable,
779,36465-3,Thigh - right MRI WO contrast,
780,36798-7,Upper extremity vessels - right MRI angiogram,
781,37919-8,US Guidance for biopsy of Pancreas,
782,42171-9,Scan for tumor whole body,
783,39837-0,Lung Scan ventilation W radionuclide inhaled,
784,39330-6,Ankle - bilateral X-ray AP and lateral standing,
785,26386-3,Ankle - left X-ray 2 views,
786,46390-1,Ankle - left X-ray GE 3 views,
787,26117-2,Upper extremity - right X-ray,
788,36262-4,Lower leg - right CT W contrast IV,
789,36354-9,Hand - left MRI W and WO contrast IV,
790,36986-8,Hip - bilateral X-ray lateral crosstable,
791,36561-9,Foot X-ray Single view,
792,39656-4,Heart SPECT for infarct,
793,26364-0,Knee - bilateral X-ray AP and lateral standing,
794,48693-6,Lower extremity artery US,
795,69276-4,Aorta abdominal US,
796,37770-5,Breast - right Mammogram tangential,
797,36730-0,Foot - left X-ray AP and lateral and oblique,
798,44239-2,Ribs - unilateral and Chest X-ray Ge 3 and PA Chest Portable views,
799,24621-5,Fluoroscopy Guidance for percutaneous drainage of Cavity,
800,25078-7,Fluoroscopy Guidance for placement of stent in Intrahepatic portal system,
801,35894-5,Fluoroscopy Guidance for biopsy of Chest,
802,24838-5,CT Guidance for biopsy of Neck,
803,36351-5,Forearm - right MRI W and WO contrast IV,
804,37388-6,Brachial artery - bilateral Fluoroscopic angiogram W contrast IA,
805,24824-5,Lung Scan portable,
806,36007-3,Hand - right CT,
807,69163-4,Ankle - bilateral MRI W contrast IV,
808,37559-2,Foot - left X-ray W manual stress,
809,42013-3,Deprecated Colon X-ray fluoroscopy W water soluble contrast PR,
810,42408-5,Spine Lumbar X-ray AP W right bending and W left bending and WO bending,
811,37731-7,Hip - right X-ray standing,
812,36217-8,Sacroiliac Joint CT W contrast IV,
813,35955-4,Breast - right MRI,
814,26328-5,US Guidance for drainage of Kidney - bilateral,
815,36926-4,CT Guidance for aspiration and placement of drainage tube of Abdomen,
816,37297-9,Abdomen and Fetus X-ray View for fetal age,
817,24842-7,Neck US,
818,42813-6,Wrist - bilateral X-ray scaphoid single view,
819,39944-4,Lung Scan ventilation and equilibrium and washout W radionuclide inhaled,
820,36221-0,Kidney - right MRI W contrast IV,
821,26176-8,Breast - left Mammogram screening,
822,46383-6,Bone DXA Bone density,
823,36743-3,Radius - left and Ulna.left X-ray oblique,
824,69093-3,CT Guidance for biopsy of Pelvis-- W contrast IV,
825,38124-4,Spine Thoracic and Lumbar X-ray standing,
826,37960-2,Ribs lower - right X-ray,
827,42014-1,Urinary Bladder and Urethra Fluoroscopy W contrast,
828,37572-5,Spine Fluoroscopy W contrast IT,
829,44106-3,CT Guidance for fine needle aspiration of Prostate,
830,38010-5,Spine Thoracic X-ray lateral W flexion and W extension,
831,37580-8,Acromioclavicular joint - bilateral X-ray W and WO weight,
832,36146-9,Carotid artery CT angiogram W contrast IV,
833,24582-9,Thoracic outlet MRI,
834,39078-1,Finger X-ray PA and lateral and oblique,
835,43772-3,Brain and Internal auditory canal MRI,
836,36723-5,Elbow - bilateral X-ray AP and lateral and oblique,
837,26301-2,Fluoroscopic angiogram Guidance for placement of stent in Vein - bilateral,
838,25021-7,Deprecated Urinary Bladder & Urethra Fluoroscopy W voiding,
839,36268-1,Ankle CT W and WO contrast IV,
840,26245-1,Forearm - left MRI,
841,36219-4,Kidney - bilateral MRI W contrast IV,
842,43547-9,Deprecated Finger third Right X-ray GE 3 views,
843,36315-0,Thumb - left X-ray 3 views,
844,24793-2,Abdomen X-ray AP and lateral portable,
845,48489-9,Mastoid - left X-ray 1 or 2 views,
846,24871-6,Pelvis X-ray pelvimetry,
847,37402-5,Superior mesenteric artery and Inferior mesenteric artery Fluoroscopic angiogram W contrast IA,
848,42427-5,Spine Thoracic and Lumbar X-ray scoliosis lateral sitting,
849,24647-0,Chest X-ray PA and lateral upright,
850,42137-0,US Guidance for biopsy of Mediastinum,
851,39339-7,Shoulder - bilateral X-ray AP and axillary and outlet and 30 degree caudal angle,
852,24604-1,Breast Mammogram diagnostic limited,
853,36881-1,Head vessels MRI angiogram WO contrast,
854,37864-6,Sinuses X-ray lateral and Caldwell and Waters,
855,26252-7,Hip - right US,
856,37768-9,Breast - right Mammogram 2 views,
857,35922-4,CT Guidance for drainage of Unspecified body region,
858,39351-2,Ribs upper anterior and posterior - left X-ray,
859,37706-9,Foot - right X-ray tomograph,
860,36390-3,Sacrum CT W and WO contrast IV,
861,44131-1,Aorta MRI angiogram W and WO contrast IV,
862,35937-2,CT Guidance for placement of radiation therapy fields in Unspecified body region,
863,42165-1,Ribs and Chest X-ray and PA chest,
864,42140-4,US Guidance for placement of tube in Chest,
865,39067-4,Spine Cervical and Thoracic and Lumbar X-ray AP and lateral,
866,39446-0,Testicle vessels US.doppler,
867,69284-8,Portal vein and Hepatic vein US.doppler,
868,30783-5,Finger fifth X-ray,
869,46307-5,Lower extremity vessels - right CT angiogram W and WO contrast IV,
870,44212-9,Spine Cervical X-ray GE 4 views,
871,26103-2,Deprecated Carpal bones - bilateral X-ray,
872,39665-5,Heart Scan for shunt detection,
873,39849-5,Peritoneovenous shunt Scan for patency W radionuclide IT,
874,24777-5,Deprecated Kidney - bilateral and Collecting system US,
875,36611-2,Finger fourth X-ray oblique single view,
876,39074-0,Chest X-ray AP and lateral and right oblique and left oblique,
877,36400-0,Spine MRI W and WO contrast IV,
878,69388-7,Urinary bladder US post void,
879,69094-1,CT Guidance for biopsy of Pelvis-- WO contrast,
880,24580-3,Brachiocephalic artery Fluoroscopic angiogram Angioplasty W contrast IA,
881,69315-0,Elbow - right X-ray Single view,
882,38145-9,Finger third - right X-ray,
883,69087-5,Ankle - bilateral CT WO contrast,
884,69112-1,Hip - right CT W contrast intraarticular,
885,36115-4,Ankle MRI W contrast intraarticular,
886,26351-7,Breast - right Mammogram diagnostic limited,
887,39827-1,Scan for endocrine tumor whole body W I-131 MIBG IV,
888,39831-3,Scan for tumor limited W GA-67 IV,
889,72256-1,Abdomen X-ray for motility W radioopaque markers,
890,39654-9,Heart SPECT for infarct W Tc-99m PYP IV,
891,37215-1,Brain and Larynx MRI W contrast IV,
892,48458-4,Clavicle - right MRI WO contrast,
893,36975-1,Calcaneus - bilateral X-ray Harris,
894,36575-9,Femur X-ray AP single view,
895,30724-9,Spine Cervical X-ray Single view portable,
896,43645-1,Heart Scan for infarct qualitative,
897,37381-1,Aortic arch and Carotid artery Fluoroscopic angiogram W contrast IA,
898,36148-5,Face MRI W contrast IV,
899,39897-4,Liver and Lung Scan,
900,37803-4,Shoulder - right X-ray lateral and Y,
901,41821-0,Deprecated Tibia Left X-ray,
902,36237-6,Pelvis MRI W contrast IV,
903,36452-1,Lower extremity - left CT WO contrast,
904,36705-2,Pelvis and Hip X-ray AP and lateral,
905,43652-7,Liver and Spleen SPECT flow,
906,25020-9,Urinary Bladder and Urethra Fluoroscopy W contrast retrograde via urethra,
907,36291-3,Lower extremity - left MRI W and WO contrast IV,
908,30689-4,Upper arm MRI WO contrast,
909,36209-5,Upper arm - left CT W contrast IV,
910,69258-2,Lower extremity - right X-ray AP and lateral,
911,30795-9,Breast - bilateral MRI,
912,26104-0,Deprecated Carpal bones - left X-ray,
913,39382-7,Knee - right X-ray 2 views and tunnel standing,
914,36890-2,Mastoid X-ray 5 views,
915,36993-4,Hip - bilateral X-ray lateral frog,
916,37091-6,Hip X-ray AP and lateral frog,
917,24531-6,Abdomen retroperitoneum US,
918,39370-2,Ankle - right X-ray and (view W manual stress),
919,42708-8,Scan W In-111 tiuxetan IV,
920,25040-7,Unspecified body region CT 3D,
921,36751-6,Chest Fluoroscopy PA and lateral,
922,37636-8,Abdomen X-ray,
923,24924-3,Small bowel Fluoroscopy W contrast PO,
924,36725-0,Finger X-ray AP and lateral and oblique,
925,37426-4,Lower extremity vein Fluoroscopic angiogram Angioplasty W contrast IV,
926,39909-7,Heart Scan first pass and wall motion and ventricular volume and ejection fraction W stress and W radionuclide IV,
927,35954-7,Breast - left MRI,
928,36259-0,Lower leg MRI W contrast IV,
929,69185-7,Lower leg - bilateral MRI WO contrast,
930,43489-4,Finger second - left X-ray GE 3 views,
931,25042-3,CT Guidance for aspiration or biopsy of Unspecified body region,
932,36955-3,Thyroid CT WO contrast,
933,38057-6,Breast implant - left MRI,
934,36631-0,Pelvis and Hip - left X-ray,
935,36230-1,Larynx MRI W contrast IV,
936,25034-0,Wrist Fluoroscopy W contrast intraarticular,
937,26157-8,Shoulder - bilateral X-ray,
938,46285-3,US Guidance for core needle biopsy of Thyroid,
939,41778-2,Femur - right X-ray portable,
940,36550-2,Abdomen X-ray Single view,
941,26234-5,Upper extremity - right MRI,
942,30702-5,US Guidance for injection of Thyroid,
943,37435-5,Temporomandibular joint MRI cine,
944,39453-6,Tendon US,
945,36375-4,Sacroiliac Joint CT W and WO contrast IV,
946,42705-4,US Guidance for abscess drainage of Appendix,
947,36805-0,Shoulder vessels MRI angiogram,
948,39710-9,Heart SPECT perfusion W Tc-99m Sestamibi IV,
949,39858-6,Bone Scan flow,
950,37357-1,Spine Lumbar and Sacrum and Sacroiliac Joint and Coccyx X-ray 5 views,
951,69199-8,MRI Guidance for needle biopsy of Pancreas,
952,30730-6,Zygomatic arch - bilateral X-ray portable,
953,24698-3,Femoral artery Fluoroscopic angiogram Angioplasty W contrast IA,
954,38261-4,Hip DXA Bone density,
955,37865-3,Deprecated Sinuses X-ray View,
956,36198-0,Calcaneus CT W contrast IV,
957,30701-7,Unspecified body region US during surgery,
958,42270-9,Spine Cervical MRI W flexion and W extension,
959,26266-7,Shoulder - bilateral MRI,
960,26341-8,US Guidance for biopsy of Kidney - left,
961,26101-6,Calcaneus - left X-ray,
962,43477-9,Fluoroscopy Guidance for endoscopy of Biliary ducts and Pancreatic duct-- 1 hour post contrast retrograde,
963,43651-9,Liver and Biliary ducts and Gallbladder Scan W sincalide and W radionuclide IV,
964,24701-5,Femur DXA Bone density,
965,37944-6,Carotid artery and Cerebral artery - right Fluoroscopic angiogram W contrast IA,
966,46368-7,CT Guidance for needle biopsy of Breast,
967,30731-4,Zygomatic arch X-ray portable,
968,37068-4,Foot - bilateral X-ray 2 views standing,
969,30887-4,Renal vessels MRI angiogram W contrast IV,
970,39863-6,Heart Scan first pass at rest and W stress and W radionuclide IV,
971,24932-6,Spine Cervical CT,
972,37440-5,Chest CT of lung parenchyma W contrast IV,
973,37136-9,Shoulder - left X-ray lateral and Y,
974,37735-8,Hip - right X-ray tomograph,
975,35898-6,CT Guidance for biopsy of Salivary gland,
976,24841-9,Neck MRI W contrast IV,
977,37833-1,Wrist - right X-ray lateral W extension,
978,38267-1,Spine Lumbar DXA [T-score] Bone density,
979,26330-1,US Guidance for drainage of Kidney - right,
980,48749-6,Spine Thoracic X-ray oblique,
981,39945-1,Lung Scan ventilation W radionuclide gaseous inhaled single breath,
982,26188-3,Ankle - left MRI W and WO contrast IV,
983,69244-2,Fluoroscopy Guidance for percutaneous drainage of abscess of Pelvis,
984,52790-3,CT Guidance for replacement of percutaneous drainage tube in Abdomen,
985,37096-5,Ankle - bilateral X-ray AP and lateral and Mortise,
986,39147-4,Breast duct - right Mammogram W contrast intra multiple ducts,
987,52791-1,CT Guidance for replacement of percutaneous drainage tube in Pelvis,
988,36306-9,Foot - bilateral X-ray 3 views,
989,37038-7,Breast - bilateral Mammogram true lateral,
990,30638-1,Fluoroscopy Guidance for injection of Hip,
991,44190-7,Wrist X-ray GE 3 views,
992,37293-8,Soft tissue MRI WO contrast,
993,24586-0,Brain MRI W anesthesia,
994,46328-1,Head CT W reduced contrast volume IV,
995,26159-4,Shoulder - right X-ray,
996,36666-6,Scapula - left X-ray 2 views,
997,42434-1,Foot sesamoid bones - right X-ray,
998,35989-3,Femur - right CT,
999,26261-8,Pelvis and Hip - right MRI,
1000,42423-4,Fluoroscopy Guidance for percutaneous drainage of abscess of Chest,
1001,35913-3,CT Guidance for drainage of Abdomen,
1002,37842-2,Shoulder X-ray AP single view,
1003,69299-6,Scrotum and Testicle US limited,
1004,36801-9,Knee vessels - right MRI angiogram,
1005,41825-1,Humerus - left X-ray portable,
1006,39871-9,Heart Scan flow,
1007,24887-2,Pulmonary artery Fluoroscopic angiogram Embolectomy W contrast IA,
1008,37200-3,Chest X-ray W contrast PO,
1009,24554-8,Artery Fluoroscopic angiogram Embolization W contrast IA,
1010,39444-5,Upper extremity vessels - right US.doppler,
1011,30628-2,Fluoroscopy Guidance for removal of foreign body from Unspecified body region,
1012,24632-2,Chest X-ray AP portable,
1013,42473-9,Sinuses X-ray Waters stereo,
1014,43524-8,Skull X-ray GE 5 views,
1015,37228-4,Temporomandibular joint - bilateral MRI,
1016,42414-3,Chest X-ray right oblique and left oblique W nipple markers,
1017,39652-3,Heart Scan W dobutamine and W Tl-201 IV,
1018,35987-7,Femur - left CT,
1019,24915-1,Sinuses MRI W contrast IV,
1020,70932-9,Spine Thoracic X-ray Single view portable,
1021,39065-8,Pelvis X-ray AP and inlet and outlet and oblique,
1022,24764-3,Hip Fluoroscopy W contrast intraarticular,
1023,70922-0,CT Guidance for nerve block of Spine Thoracic,
1024,24683-5,Esophagus and Stomach Scan W Tc-99m SC PO,
1025,36487-7,Hip - left CT WO contrast,
1026,30674-6,Pelvis MRI W and WO contrast IV,
1027,30618-3,Deprecated Kidney - bilateral and Collecting system CT W and WO contrast IV,
1028,44201-2,Pelvis X-ray 1 or 2 views portable,
1029,36797-9,Upper extremity vessels - left MRI angiogram,
1030,38069-1,Abdomen X-ray left posterior oblique,
1031,24547-2,Aorta US,
1032,24717-1,Ileal conduit X-ray Loopogram,
1033,36786-2,Upper extremity veins - left MRI angiogram,
1034,37048-6,Shoulder - left X-ray Velpeau axillary,
1035,38100-4,Urinary Bladder and Urethra Fluoroscopy W contrast antegrade,
1036,36573-4,Clavicle X-ray AP single view,
1037,36165-9,Lower extremity - left MRI W contrast IV,
1038,30693-6,Shoulder MRI WO contrast,
1039,44118-8,CT Guidance for needle localization of Breast-- W and WO contrast IV,
1040,36613-8,Finger third X-ray oblique single view,
1041,39331-4,Foot - bilateral X-ray AP and lateral standing,
1042,24575-3,Biliary ducts and Gallbladder Fluoroscopy W contrast percutaneous transhepatic,
1043,37602-0,Adrenal vein left Fluoroscopic angiogram W contrast IV,
1044,38858-7,Shoulder - left X-ray Y,
1045,38796-9,Hip - right X-ray portable,
1046,42406-9,Spine Lumbar X-ray AP W and WO left bending,
1047,39937-8,Joint Scan multiple areas W radionuclide XXX,
1048,49571-3,Scan limited W I-131 MIBG IV,
1049,36443-0,Elbow CT WO contrast,
1050,30694-4,Thyroid Scan and uptake.single,
1051,41817-8,Hip - left X-ray AP and lateral portable,
1052,39902-2,Bone Scan 3 views phase single area,
1053,36196-4,Hand - right MRI W contrast IV,
1054,25047-2,Unspecified body region CT W conscious sedation,
1055,38779-5,Shoulder - right X-ray transthoracic,
1056,58745-1,Coronary arteries CT angiogram and 3D reconstruction W contrast IV,
1057,43757-4,CT Guidance for fine needle aspiration of Kidney,
1058,30703-3,US Guidance for aspiration of Pericardial space,
1059,35886-1,CT Guidance for aspiration of Breast,
1060,24574-6,Biliary ducts and Gallbladder Fluoroscopy during surgery W contrast biliary duct,
1061,36294-7,Ankle X-ray 3 views,
1062,46332-3,Orbit and Face and Neck MRI WO contrast,
1063,26205-5,Wrist - bilateral MRI W and WO contrast IV,
1064,49511-9,Femoral artery Fluoroscopic angiogram runoff W and WO contrast IA,
1065,36284-8,Chest and Abdomen MRI W and WO contrast IV,
1066,24921-9,Skull X-ray Waters,
1067,46391-9,Shoulder X-ray portable,
1068,36535-3,Scrotum and Testicle MRI WO contrast,
1069,69099-0,CT Guidance for needle biopsy of Chest.pleura,
1070,36718-5,Tibia - left and Fibula - left X-ray AP and lateral,
1071,26246-9,Forearm - right MRI,
1072,39430-4,Lower extremity vessels - left US.doppler limited,
1073,24791-6,Deprecated Kidney Bilateral & Collecting system X-ray tomograph Multisection,
1074,44181-6,Sacroiliac Joint X-ray 2 or 3 views,
1075,37392-8,Carotid artery and Vertebral artery - bilateral Fluoroscopic angiogram W contrast IA,
1076,69090-9,Shoulder - bilateral CT WO contrast,
1077,24716-3,Fluoroscopy Guidance for placement of decompression tube in Gastrointestine,
1078,36576-7,Finger fifth X-ray AP single view,
1079,36938-9,Facial bones and Maxilla CT limited WO contrast,
1080,37298-7,Sternoclavicular joint - bilateral X-ray Serendipity,
1081,35944-8,Ankle - right CT,
1082,35982-8,Upper extremity - left CT,
1083,72243-9,Toes - left MRI W contrast IV,
1084,36010-7,Calcaneus CT,
1085,37857-0,Sinuses X-ray Caldwell,
1086,70916-2,US Guidance for CSF aspiration of Spine Lumbar,
1087,37728-3,Hip - right X-ray oblique crosstable,
1088,25067-0,Unspecified body region Fluoroscopy 45 minutes,
1089,24597-7,Breast specimen Mammogram,
1090,37965-1,Sternoclavicular joint - right X-ray,
1091,39099-7,Ribs - bilateral and Chest X-ray 4 views and PA chest,
1092,24896-3,US Guidance for drainage of Kidney,
1093,38001-4,Chest X-ray W expiration,
1094,36034-7,Kidney - bilateral MRI,
1095,35924-0,CT Guidance for drainage of Chest-- WO contrast,
1096,38082-4,Shoulder - left X-ray AP and transthoracic,
1097,36370-5,Upper arm - right MRI W and WO contrast IV,
1098,41819-4,Knee - left X-ray 2 views and tunnel,
1099,37385-2,Aortic arch and Vertebral artery - left Fluoroscopic angiogram W contrast IA,
1100,38776-1,Calcaneus - right X-ray Harris,
1101,42696-5,Lower leg - bilateral MRI,
1102,30617-5,Deprecated Kidney - bilateral and Collecting system CT WO contrast,
1103,39757-0,Thyroid Scan W Tc-99m IV,
1104,37672-3,Ankle - right X-ray 2 views W manual stress,
1105,39329-8,Shoulder - bilateral X-ray AP (W internal rotation and W external rotation),
1106,38036-0,Kidney US,
1107,26189-1,Ankle - right MRI W and WO contrast IV,
1108,36074-3,Lower leg CT,
1109,36606-2,Knee - left X-ray lateral,
1110,43777-2,Heart Scan perfusion at rest and W adenosine and W Tl-201 IV,
1111,37492-6,CT Guidance for biopsy of Chest.pleura,
1112,42264-2,Deprecated Spine Lumbar X-ray fluoroscopy W contrast IT,
1113,46295-2,Mammogram Guidance.stereotactic for core needle biopsy of Breast - left,
1114,36735-9,Spine Lumbar X-ray AP and lateral and oblique,
1115,48491-5,Temporomandibular joint - left X-ray open and closed mouth,
1116,43569-3,Spine Thoracic and Lumbar X-ray scoliosis AP upright and supine,
1117,36312-7,Mandible X-ray 3 views,
1118,39029-4,Orbit and Face MRI W and WO contrast IV,
1119,30726-4,Spine Cervical X-ray AP and lateral portable,
1120,37120-3,Spine Cervical X-ray AP and odontoid and lateral crosstable,
1121,37088-2,Pelvis and Hip - left X-ray AP and lateral crosstable,
1122,44191-5,Ribs and Chest X-ray GE 3 and PA Chest views,
1123,69121-2,Fluoroscopy Guidance for aspiration of cyst of Ovary,
1124,26073-7,Knee - bilateral Fluoroscopy W contrast intraarticular,
1125,26192-5,Thoracic outlet - right MRI W and WO contrast IV,
1126,69278-0,US Guidance for aspiration of Breast - bilateral,
1127,26326-9,US Guidance for drainage of Extremity - left,
1128,25037-3,Deprecated Wrist X-ray,
1129,36363-0,Hip - left MRI W and WO contrast IV,
1130,37604-6,Nasal bones X-ray 3 views,
1131,69146-9,Knee - left X-ray AP and lateral crosstable,
1132,70933-7,Spine Thoracic Fluoroscopy W contrast intradisc,
1133,42280-8,CT Guidance for abscess drainage of Appendix,
1134,38089-9,Bones X-ray survey limited for metastasis,
1135,25073-8,Vessel Fluoroscopic angiogram Removal of foreign body from vascular space,
1136,37003-1,Spine Lumbar X-ray lateral standing,
1137,24944-1,Spine Cervical X-ray Swimmers,
1138,39500-4,Upper extremity artery - left US.doppler,
1139,44231-9,Superior mesenteric vessels MRI angiogram W and WO contrast IV,
1140,26303-8,Fluoroscopic angiogram Guidance for placement of stent in Vein - right,
1141,44147-7,Thyroid Scan and uptake W Tc-99m pertechnetate IV,
1142,38265-5,Radius and Ulna DXA [T-score] Bone density,
1143,48748-8,Spine X-ray oblique,
1144,39053-4,Ribs X-ray lateral,
1145,36459-6,Upper extremity - right MRI WO contrast,
1146,37103-9,Spine Cervical X-ray AP and lateral and odontoid,
1147,42463-0,US Guidance for biopsy of Endomyocardium,
1148,30625-8,Lower extremity CT WO contrast,
1149,37812-5,Thumb - right X-ray 3 views,
1150,37114-6,Knee - left X-ray AP and lateral and tunnel,
1151,24730-4,Brain Scan,
1152,37615-2,Pelvis vessels Fluoroscopic angiogram W contrast,
1153,26305-3,Fluoroscopic angiogram Guidance for placement of longterm peripheral catheter in Central vein - left,
1154,37708-5,Radius - right and Ulna - right X-ray AP and lateral,
1155,24902-9,Salivary gland Fluoroscopy W contrast intra salivary duct,
1156,26324-4,Fluoroscopy Guidance for injection of Spine facet joint - right,
1157,36979-3,Elbow X-ray Jones,
1158,26320-2,CT Guidance for injection of Sacroiliac joint - left,
1159,36258-2,Lower leg CT W contrast IV,
1160,26185-9,Extremity - left CT W contrast IV,
1161,26162-8,Thumb - right X-ray,
1162,36722-7,Elbow X-ray AP and lateral and oblique,
1163,39523-6,Artery US.doppler,
1164,69192-3,MRI Guidance for aspiration of cyst of Breast,
1165,30653-0,US Guidance for aspiration of cyst of Breast,
1166,39830-5,Scan for infection whole body W GA-67 IV,
1167,36106-3,Lower extremity CT limited WO contrast,
1168,36638-5,Patella - bilateral X-ray,
1169,36803-5,Pulmonary vessels MRI angiogram,
1170,37830-7,Wrist - right X-ray 6 views,
1171,72642-2,US Guidance for injection of sclerosing agent of Extremity veins - right,
1172,46281-2,CT Guidance for aspiration or injection of cyst of Unspecified body region,
1173,36153-5,Calcaneus - left CT W contrast IV,
1174,44174-1,Lower extremity vessels US.doppler,
1175,46320-8,Orbit and Face CT W contrast IV,
1176,43762-4,Fluoroscopic angiogram Guidance for thrombectomy of Vein - left-- W contrast IV,
1177,36565-0,Humerus X-ray Single view,
1178,42260-0,CT Guidance for biopsy of Unspecified body region-- W contrast IV,
1179,41794-9,Deprecated Abdomen X-ray AP portable,
1180,37018-9,Knee X-ray Rosenberg standing,
1181,37785-3,Sacroiliac joint - right Fluoroscopy W contrast intraarticular,
1182,36790-4,Vena cava.inferior and Lower extremity veins MRI angiogram,
1183,38065-9,Hip - left X-ray during surgery,
1184,72238-9,Toes - right MRI W and WO contrast IV,
1185,37429-8,Wrist - bilateral X-ray tomograph,
1186,38850-4,Lower extremity - left X-ray standing,
1187,36068-5,Spine Cervical X-ray tomograph,
1188,36102-2,Abdomen CT limited W and WO contrast IV,
1189,37040-3,Hip - left X-ray true lateral,
1190,25013-4,Toes X-ray,
1191,36104-8,Head CT limited WO contrast,
1192,43475-3,Fluoroscopy Guidance for endoscopy of Biliary ducts and Pancreatic duct-- 30 minutes post contrast retrograde,
1193,69288-9,US Guidance for needle biopsy of Muscle,
1194,37586-5,Penis Fluoroscopy W contrast intra corpus cavernosum,
1195,39891-7,Heart Scan for infarct and first pass W Tc-99m PYP IV,
1196,36757-3,Hand - left X-ray PA and lateral and oblique,
1197,36653-4,Femur - bilateral X-ray 2 views,
1198,24578-7,Bones SPECT,
1199,69318-4,Hand - right X-ray Single view,
1200,36763-1,Femoral artery and Popliteal artery Fluoroscopic angiogram Angioplasty W contrast IA,
1201,36556-9,Elbow X-ray Single view,
1202,24722-1,Hand X-ray 3 views,
1203,39094-8,Carotid artery.cervical Fluoroscopic angiogram W contrast IA,
1204,39367-8,Spine Thoracic and Lumbar X-ray scoliosis AP and lateral standing,
1205,38025-3,US Guidance for core needle percutaneous biopsy of Breast - right,
1206,24564-7,Abdomen X-ray AP upright portable,
1207,37445-4,Wrist - left MRI W contrast intraarticular,
1208,37762-2,Knee - right X-ray 2 views standing,
1209,37419-9,Intraosseous veins Fluoroscopic angiogram W contrast IV,
1210,25027-4,Guidance for placement of large bore catheter into vessel in Central vein,
1211,37783-8,Ribs - right X-ray AP single view,
1212,39870-1,Heart Scan flow W Tc-99m pertechnetate IV,
1213,37542-8,Breast Mammogram magnification,
1214,69266-5,Shoulder X-ray AP and Y,
1215,37915-6,US Guidance for biopsy of Chest,
1216,44180-8,Deprecated Sinuses X-ray 2 views limited,
1217,24669-4,Colon Fluoroscopy W water soluble contrast PR,
1218,30762-9,Abdomen X-ray tomograph,
1219,41797-2,Colon Fluoroscopy limited W air and barium contrast PR,
1220,39929-5,Heart Scan gated and wall motion W stress and W radionuclide IV,
1221,69172-5,Femur - bilateral MRI W contrast IV,
1222,37839-8,Shoulder X-ray AP and lateral and axillary,
1223,47381-9,Mastoid X-ray GE 3 views,
1224,24850-0,Orbit - bilateral CT W contrast IV,
1225,69139-4,Hip - left X-ray and lateral crosstable,
1226,37715-0,Hand - right X-ray PA and lateral and oblique,
1227,37041-1,Knee - bilateral X-ray tunnel,
1228,37188-0,Elbow - left Fluoroscopy W contrast intraarticular,
1229,30788-4,Knee X-ray 3 views,
1230,37691-3,Femur - right X-ray 4 views,
1231,37430-6,Wrist - bilateral CT,
1232,46354-7,Breast - right FFD mammogram screening,
1233,39687-9,Scan limited W GA-67 IV,
1234,69206-1,Finger - left MRI WO contrast,
1235,43656-8,Lung Scan perfusion quantitative,
1236,30619-1,Sacroiliac Joint CT